<?xml version="1.0" encoding="UTF-8"?>
<metadata xml:lang="en"><Esri><CreaDate>20180907</CreaDate><CreaTime>15110100</CreaTime><ArcGISFormat>1.0</ArcGISFormat><SyncOnce>TRUE</SyncOnce><DataProperties><itemProps><itemLocation><linkage Sync="TRUE">file://\\Onelondon.tfl.local\Shared\5026d\Air Quality Strategy\LAEI\LAEI 2016\GIS geographies\ArcGIS\LAEI2013_Grid</linkage><protocol Sync="TRUE">Local Area Network</protocol></itemLocation></itemProps><copyHistory><copy source="\\Onelondon.tfl.local\Shared\5026d\Air Quality Strategy\LAEI\LAEI 2016\LAEI Grid\LAEI2013_Grid" dest="\\Onelondon.tfl.local\Shared\5026d\Air Quality Strategy\LAEI\LAEI 2016\GIS geographies\ArcGIS\LAEI2013_Grid" date="20180907" time="15110100"></copy></copyHistory></DataProperties></Esri></metadata>
