"Ward Name","Ward Code","LAD Name","LAD Code","Mean NO2 Conc.","Mean PM2.5 Conc."
"Chessington South","E05000405","Kingston upon Thames","E09000021",27.9465755688736,11.916294585494
"Tolworth and Hook Rise","E05000414","Kingston upon Thames","E09000021",32.7815702891221,12.6959519105278
"Berrylands","E05000401","Kingston upon Thames","E09000021",32.6157359461121,12.686166541729
"Alexandra","E05000400","Kingston upon Thames","E09000021",32.6224798911529,12.6926430651566
"Beverley","E05000402","Kingston upon Thames","E09000021",32.7707429908256,12.8014479566918
"Coombe Hill","E05000406","Kingston upon Thames","E09000021",33.6415954631687,12.767741363421
"Chessington North and Hook","E05000404","Kingston upon Thames","E09000021",30.6161822216596,12.3566486025532
"Surbiton Hill","E05000413","Kingston upon Thames","E09000021",31.8393911465514,12.5946069298911
"Old Malden","E05000410","Kingston upon Thames","E09000021",32.1117732868816,12.7077751406712
"St. Mark's","E05000412","Kingston upon Thames","E09000021",32.4958432764207,12.6336001703861
"Grove","E05000408","Kingston upon Thames","E09000021",35.5512950959452,12.9911926132295
"Canbury","E05000403","Kingston upon Thames","E09000021",33.6249107014049,12.8608261550495
"Norbiton","E05000409","Kingston upon Thames","E09000021",34.8682782738087,12.9322823415354
"Coombe Vale","E05000407","Kingston upon Thames","E09000021",32.5418776264707,12.7205734944268
"St. James","E05000411","Kingston upon Thames","E09000021",33.8253285583581,12.8944034384093
"Tudor","E05000415","Kingston upon Thames","E09000021",33.1022487067258,12.7300810812696
"Coulsdon East","E05000150","Croydon","E09000008",26.1263849880867,11.7491003129311
"Selsdon and Ballards","E05000162","Croydon","E09000008",27.8193917630771,12.0169626843401
"Coulsdon West","E05000151","Croydon","E09000008",28.69826793686,12.154841113432
"Waddon","E05000167","Croydon","E09000008",33.1925445075754,12.8028515384178
"Kenley","E05000156","Croydon","E09000008",27.3474266821878,11.9372083753648
"Purley","E05000159","Croydon","E09000008",30.6120796476983,12.4393909993012
"Sanderstead","E05000160","Croydon","E09000008",27.5851088876668,11.9909067124334
"Heathfield","E05000155","Croydon","E09000008",28.6189498387958,12.1316602478864
"Fairfield","E05000153","Croydon","E09000008",33.5400078760401,12.8706140015613
"Broad Green","E05000149","Croydon","E09000008",33.8553627003231,13.2013492106816
"West Thornton","E05000168","Croydon","E09000008",34.1116533508892,13.1442579030991
"Bensham Manor","E05000148","Croydon","E09000008",33.4465827963117,13.0273641596915
"Norbury","E05000158","Croydon","E09000008",34.0731913331661,13.0660655082676
"New Addington","E05000157","Croydon","E09000008",26.506441221962,11.8581299611302
"Croham","E05000152","Croydon","E09000008",30.8384130514581,12.4740295551216
"Fieldway","E05000154","Croydon","E09000008",28.1824442519791,12.0723447941483
"Shirley","E05000163","Croydon","E09000008",29.7932311693145,12.3920831550741
"Selhurst","E05000161","Croydon","E09000008",34.0883901566083,13.0825423582812
"Ashburton","E05000147","Croydon","E09000008",31.7332876291152,12.7071666233833
"Woodside","E05000169","Croydon","E09000008",32.027905251048,12.7851716685882
"Thornton Heath","E05000165","Croydon","E09000008",34.3385181581701,13.0911242318062
"Upper Norwood","E05000166","Croydon","E09000008",34.2614354911865,13.0267935614875
"South Norwood","E05000164","Croydon","E09000008",33.5993889776657,12.9448060849488
"Addiscombe","E05000146","Croydon","E09000008",33.1505181870698,12.97454638769
"Darwin","E05000117","Bromley","E09000006",24.0386949422841,11.4386034924081
"Hayes and Coney Hall","E05000119","Bromley","E09000006",28.0667108962059,12.121234812693
"Bromley Common and Keston","E05000108","Bromley","E09000006",27.9029879940351,12.0763734957438
"Chelsfield and Pratts Bottom","E05000110","Bromley","E09000006",25.0564314081108,11.5675538703092
"Biggin Hill","E05000107","Bromley","E09000006",24.0873135468876,11.466227593894
"West Wickham","E05000127","Bromley","E09000006",29.859501489944,12.4218880501019
"Clock House","E05000112","Bromley","E09000006",32.586150405811,12.859098802672
"Kelsey and Eden Park","E05000120","Bromley","E09000006",31.5554247362343,12.7851259293228
"Farnborough and Crofton","E05000118","Bromley","E09000006",27.0326252841627,11.9391168464078
"Shortlands","E05000126","Bromley","E09000006",30.7066375005872,12.569774976473
"Bromley Town","E05000109","Bromley","E09000006",31.8066914359763,12.6731375565071
"Bickley","E05000106","Bromley","E09000006",29.9009842863187,12.3832560263174
"Petts Wood and Knoll","E05000124","Bromley","E09000006",27.6505106611161,12.0805556444994
"Crystal Palace","E05000116","Bromley","E09000006",34.1334789227388,12.9814740953055
"Penge and Cator","E05000123","Bromley","E09000006",33.1190741420876,12.902289880404
"Copers Cope","E05000113","Bromley","E09000006",32.3784807014745,12.7810221173568
"Plaistow and Sundridge","E05000125","Bromley","E09000006",31.2603379680696,12.642188884817
"Chislehurst","E05000111","Bromley","E09000006",29.4126829825629,12.2684728807125
"Mottingham and Chislehurst North","E05000121","Bromley","E09000006",31.458974402175,12.6144720572221
"Orpington","E05000122","Bromley","E09000006",27.0841312467844,11.9468274599338
"Cray Valley West","E05000115","Bromley","E09000006",28.7793176841891,12.2207867932038
"Cray Valley East","E05000114","Bromley","E09000006",26.7310137947593,11.8236023204066
"Bedfont","E05000346","Hounslow","E09000018",33.3072664089967,12.333751621358
"Hanworth","E05000353","Hounslow","E09000018",32.4661789316413,12.5000859038752
"Cranford","E05000350","Hounslow","E09000018",36.2395287451107,12.7430617548356
"Syon","E05000364","Hounslow","E09000018",35.57876150788,13.0030620181054
"Heston West","E05000357","Hounslow","E09000018",37.0936948576017,12.8694573036052
"Heston East","E05000356","Hounslow","E09000018",36.3421702071509,12.9776638113353
"Osterley and Spring Grove","E05000363","Hounslow","E09000018",35.3753170530072,12.8763344074836
"Brentford","E05000347","Hounslow","E09000018",39.6575420139553,13.5600940415758
"Chiswick Homefields","E05000348","Hounslow","E09000018",38.8355462583571,13.496260438875
"Feltham West","E05000352","Hounslow","E09000018",30.6679671491165,12.2290353581379
"Hanworth Park","E05000354","Hounslow","E09000018",31.820509390749,12.4088458951154
"Feltham North","E05000351","Hounslow","E09000018",34.2851240420946,12.5598039459962
"Hounslow Heath","E05000359","Hounslow","E09000018",32.9691156206986,12.5484036288642
"Hounslow West","E05000361","Hounslow","E09000018",34.5199280908792,12.713726856921
"Heston Central","E05000355","Hounslow","E09000018",35.8406114970416,12.8845288213427
"Hounslow South","E05000360","Hounslow","E09000018",33.824184156876,12.6946442899224
"Isleworth","E05000362","Hounslow","E09000018",34.600964113507,12.8535973086502
"Hounslow Central","E05000358","Hounslow","E09000018",35.6247453056138,12.9231777538673
"Chiswick Riverside","E05000349","Hounslow","E09000018",38.4473320008911,13.3907669147534
"Turnham Green","E05000365","Hounslow","E09000018",40.264316327015,13.6398851719032
"Norwood Green","E05000186","Ealing","E09000009",35.7591971445878,13.1080950620531
"Southall Green","E05000190","Ealing","E09000009",35.4927590668804,12.958932434188
"Northolt West End","E05000185","Ealing","E09000009",32.9417662177675,12.5191682771695
"Dormers Wells","E05000172","Ealing","E09000009",35.0120599746027,12.9382134141885
"Greenford Broadway","E05000177","Ealing","E09000009",34.9650099154725,12.8827679386127
"North Greenford","E05000183","Ealing","E09000009",33.7344778845051,12.8085048133629
"Northfield","E05000182","Ealing","E09000009",36.2194769999451,13.2241013867957
"East Acton","E05000175","Ealing","E09000009",41.1378041002694,13.9092192959522
"Southall Broadway","E05000189","Ealing","E09000009",36.3002213974037,13.1698084382478
"Elthorne","E05000176","Ealing","E09000009",36.4825894474554,13.2491158850918
"Walpole","E05000192","Ealing","E09000009",36.7694287313131,13.3255323624103
"Lady Margaret","E05000181","Ealing","E09000009",34.2539251444251,12.8078568144953
"Northolt Mandeville","E05000184","Ealing","E09000009",33.3376261950577,12.6778354136795
"Hobbayne","E05000180","Ealing","E09000009",34.7517284407826,12.9648523517311
"Cleveland","E05000171","Ealing","E09000009",36.1453545227489,13.1726350250203
"Greenford Green","E05000178","Ealing","E09000009",34.8923706411753,12.9367106052026
"Perivale","E05000187","Ealing","E09000009",36.4934665289586,13.1237531807574
"Ealing Common","E05000174","Ealing","E09000009",38.4412297300535,13.5196118816483
"Ealing Broadway","E05000173","Ealing","E09000009",38.1013888342627,13.5786733643762
"South Acton","E05000188","Ealing","E09000009",38.3423086618566,13.470811317952
"Southfield","E05000191","Ealing","E09000009",37.9678451640724,13.447148602105
"Acton Central","E05000170","Ealing","E09000009",39.4660992834184,13.8209484055185
"Hanger Hill","E05000179","Ealing","E09000009",40.182943847593,13.6493105841835
"Upminster","E05000323","Havering","E09000016",24.5849118363839,11.4156786639402
"Rainham and Wennington","E05000318","Havering","E09000016",27.6803436009535,11.8882575965825
"South Hornchurch","E05000321","Havering","E09000016",29.9320249540554,12.2782519530137
"Elm Park","E05000308","Havering","E09000016",28.0121286162015,12.1065656705904
"Brooklands","E05000306","Havering","E09000016",30.1131683224073,12.3882307350488
"Romford Town","E05000319","Havering","E09000016",30.9770194510311,12.4718969545123
"Mawneys","E05000316","Havering","E09000016",28.4357474463685,12.1227813028945
"Pettits","E05000317","Havering","E09000016",28.2478043123251,12.07431817426
"Hacton","E05000311","Havering","E09000016",26.7893313013754,11.9578306740648
"St. Andrew's","E05000320","Havering","E09000016",27.0918239731538,11.9693008445952
"Emerson Park","E05000309","Havering","E09000016",26.3861018419471,11.8219291199418
"Squirrel's Heath","E05000322","Havering","E09000016",28.4521727649589,12.1223311763314
"Harold Wood","E05000312","Havering","E09000016",26.2972734358784,11.6960592067501
"Cranham","E05000307","Havering","E09000016",26.09550676086,11.5799150691286
"Havering Park","E05000313","Havering","E09000016",25.3788607339912,11.6250898932905
"Heaton","E05000314","Havering","E09000016",26.7187296211447,11.8551041839525
"Gooshays","E05000310","Havering","E09000016",26.2119622519106,11.6277983413895
"Hylands","E05000315","Havering","E09000016",28.2576368496449,12.1426011320473
"Heathrow Villages","E05000331","Hillingdon","E09000017",39.1704101666741,12.6469940724612
"Harefield","E05000330","Hillingdon","E09000017",25.4601936974131,11.4823875514037
"West Drayton","E05000342","Hillingdon","E09000017",33.7995342951878,12.6441300855483
"Yiewsley","E05000345","Hillingdon","E09000017",31.7821658262198,12.4791810979714
"Uxbridge South","E05000341","Hillingdon","E09000017",30.4461135200981,12.1090844658668
"Brunel","E05000326","Hillingdon","E09000017",31.4745745548145,12.3620731268206
"Uxbridge North","E05000340","Hillingdon","E09000017",31.7054951554331,12.4289677877262
"Hillingdon East","E05000332","Hillingdon","E09000017",31.8624810095192,12.4872462652821
"Ickenham","E05000333","Hillingdon","E09000017",29.4869057069564,12.0035631435769
"West Ruislip","E05000343","Hillingdon","E09000017",28.8252519570867,12.0264109199814
"Northwood","E05000335","Hillingdon","E09000017",26.9658954992416,11.735623384659
"South Ruislip","E05000338","Hillingdon","E09000017",31.2782766441089,12.3307668042383
"Manor","E05000334","Hillingdon","E09000017",30.6047484545989,12.3933878170862
"Eastcote and East Ruislip","E05000329","Hillingdon","E09000017",29.1015087081201,12.1702652127488
"Northwood Hills","E05000336","Hillingdon","E09000017",28.6159865941545,12.0592409990866
"Pinkwell","E05000337","Hillingdon","E09000017",36.9060730404941,12.952556508434
"Botwell","E05000325","Hillingdon","E09000017",33.6056411847068,12.7891996442966
"Charville","E05000328","Hillingdon","E09000017",31.0111371318376,12.3649260442542
"Townfield","E05000339","Hillingdon","E09000017",34.900223963999,12.9074885503183
"Barnhill","E05000324","Hillingdon","E09000017",32.3859494625733,12.5632461495571
"Yeading","E05000344","Hillingdon","E09000017",33.6802938785504,12.6704282530224
"Cavendish","E05000327","Hillingdon","E09000017",30.1817975566695,12.3888521234281
"Roxeth","E05000302","Harrow","E09000015",32.3342094702378,12.6398935320415
"Harrow on the Hill","E05000289","Harrow","E09000015",32.4716794984508,12.636977687353
"Pinner","E05000297","Harrow","E09000015",29.6183348410948,12.0790297291844
"Pinner South","E05000298","Harrow","E09000015",29.6525376633442,12.2834611130021
"Greenhill","E05000288","Harrow","E09000015",33.6996925707945,12.8783401360353
"Headstone North","E05000292","Harrow","E09000015",29.8923284044616,12.3362652506956
"Marlborough","E05000296","Harrow","E09000015",32.1094604547607,12.7648495212306
"Harrow Weald","E05000290","Harrow","E09000015",29.516135544999,12.2035051800035
"Stanmore Park","E05000303","Harrow","E09000015",29.575477509369,12.2129265279729
"Canons","E05000286","Harrow","E09000015",30.3864693073492,12.2996271705451
"Rayners Lane","E05000300","Harrow","E09000015",30.7224166987769,12.4876021763073
"Roxbourne","E05000301","Harrow","E09000015",31.7110095352788,12.5951474259034
"West Harrow","E05000305","Harrow","E09000015",31.4213636486502,12.5768081453391
"Hatch End","E05000291","Harrow","E09000015",29.547997126275,12.1130412261311
"Headstone South","E05000293","Harrow","E09000015",31.5517504338538,12.6768170334946
"Kenton West","E05000295","Harrow","E09000015",31.9131808818455,12.6999930173909
"Wealdstone","E05000304","Harrow","E09000015",31.0784079089213,12.6542110108213
"Belmont","E05000285","Harrow","E09000015",31.2748950515022,12.5616126982808
"Kenton East","E05000294","Harrow","E09000015",33.0500320505984,12.813740323821
"Queensbury","E05000299","Harrow","E09000015",32.4475327947084,12.7358535420026
"Edgware","E05000287","Harrow","E09000015",32.3746614074274,12.7405688495197
"Northwick Park","E05000096","Brent","E09000005",33.097287930626,12.7333294074641
"Wembley Central","E05000104","Brent","E09000005",36.4270794124874,13.214203063847
"Preston","E05000097","Brent","E09000005",34.2455340799163,12.9572760749628
"Stonebridge","E05000100","Brent","E09000005",40.4506272696715,13.6693687889601
"Welsh Harp","E05000103","Brent","E09000005",37.7219815916622,13.4262177866108
"Barnhill","E05000086","Brent","E09000005",34.5607742364819,12.9934547574459
"Fryent","E05000090","Brent","E09000005",34.4310883059729,13.0147437833125
"Sudbury","E05000101","Brent","E09000005",34.7774110529288,12.9580188299622
"Alperton","E05000085","Brent","E09000005",36.9559630383787,13.2125258161213
"Kensal Green","E05000092","Brent","E09000005",41.4040471547499,13.7623384311481
"Harlesden","E05000091","Brent","E09000005",40.7913409020403,13.7050264451144
"Willesden Green","E05000105","Brent","E09000005",38.8840504693381,13.483581509446
"Queens Park","E05000098","Brent","E09000005",39.6406305216231,13.6752186810833
"Brondesbury Park","E05000087","Brent","E09000005",38.2421832773421,13.455173064382
"Kilburn","E05000094","Brent","E09000005",40.9708453085855,13.9886077748069
"Tokyngton","E05000102","Brent","E09000005",37.0770092710569,13.4056819113041
"Kenton","E05000093","Brent","E09000005",32.7600653848908,12.7299888773102
"Dudden Hill","E05000089","Brent","E09000005",39.6501250943369,13.6988960777277
"Dollis Hill","E05000088","Brent","E09000005",38.7247989366714,13.5018505987106
"Mapesbury","E05000095","Brent","E09000005",38.1253498318552,13.4537409930394
"Queensbury","E05000099","Brent","E09000005",33.6985129688906,12.9198326203455
"Underhill","E05000060","Barnet","E09000003",29.6425273975573,12.1927634644927
"High Barnet","E05000056","Barnet","E09000003",29.1240341211247,12.071949922449
"West Hendon","E05000062","Barnet","E09000003",39.6018893981158,13.5679347470625
"Golders Green","E05000053","Barnet","E09000003",39.8484964047187,13.6810282029063
"Colindale","E05000046","Barnet","E09000003",36.0596787411171,13.4499816042287
"Childs Hill","E05000045","Barnet","E09000003",38.7928316644317,13.5481598637892
"Garden Suburb","E05000052","Barnet","E09000003",36.8131841562453,13.2245760810732
"Finchley Church End","E05000051","Barnet","E09000003",36.985945822275,13.2167732813376
"East Finchley","E05000049","Barnet","E09000003",36.7183035595594,13.1951998563504
"Edgware","E05000050","Barnet","E09000003",32.0384517898165,12.4415904870152
"Mill Hill","E05000057","Barnet","E09000003",33.3856027319636,12.7216563612251
"Hale","E05000054","Barnet","E09000003",32.955297408724,12.5760160474815
"Totteridge","E05000059","Barnet","E09000003",30.5877072243247,12.3734203049662
"Oakleigh","E05000058","Barnet","E09000003",32.1967379508295,12.6773128120665
"Woodhouse","E05000063","Barnet","E09000003",34.9468626466699,12.9869616132274
"Coppetts","E05000047","Barnet","E09000003",35.818059664377,13.0401112845806
"Brunswick Park","E05000043","Barnet","E09000003",32.4978394837774,12.70824180964
"East Barnet","E05000048","Barnet","E09000003",30.2124518103648,12.3633977567217
"Burnt Oak","E05000044","Barnet","E09000003",33.6427326578479,12.9065545528419
"Hendon","E05000055","Barnet","E09000003",39.0910259170071,13.4956370512443
"West Finchley","E05000061","Barnet","E09000003",34.6148690726758,12.95441370549
"Streatham South","E05000431","Lambeth","E09000022",35.0138730700983,13.1796335797857
"St. Leonard's","E05000428","Lambeth","E09000022",37.3320266487128,13.4079639338206
"Streatham Wells","E05000432","Lambeth","E09000022",37.0189907646916,13.4724430087388
"Knight's Hill","E05000424","Lambeth","E09000022",36.2395730123715,13.3158957472302
"Thornton","E05000433","Lambeth","E09000022",38.1999220433983,13.5975463467661
"Streatham Hill","E05000430","Lambeth","E09000022",37.8965319164483,13.5383271830423
"Clapham Common","E05000418","Lambeth","E09000022",39.9354773130077,13.8813529743901
"Brixton Hill","E05000417","Lambeth","E09000022",39.6687723277394,13.7615894963773
"Tulse Hill","E05000435","Lambeth","E09000022",39.0578605255754,13.6407650338269
"Coldharbour","E05000420","Lambeth","E09000022",41.1615670301077,14.0919437288488
"Ferndale","E05000421","Lambeth","E09000022",40.8384762989456,14.0392542974518
"Larkhall","E05000425","Lambeth","E09000022",40.8155937914307,14.0703357572782
"Oval","E05000426","Lambeth","E09000022",46.5240054878926,14.7439534143982
"Vassall","E05000436","Lambeth","E09000022",42.1792127545539,14.3127343676661
"Gipsy Hill","E05000422","Lambeth","E09000022",35.2553301115557,13.1569604036332
"Thurlow Park","E05000434","Lambeth","E09000022",37.9895473997146,13.4587383123583
"Herne Hill","E05000423","Lambeth","E09000022",39.3041403534146,13.694444975707
"Bishop's","E05000416","Lambeth","E09000022",50.5498279433355,15.4288330435907
"Clapham Town","E05000419","Lambeth","E09000022",41.3249931936404,14.1244820110951
"Stockwell","E05000429","Lambeth","E09000022",42.1226017887564,14.2004335100843
"Prince's","E05000427","Lambeth","E09000022",46.3816263791531,14.6778890462469
"College","E05000538","Southwark","E09000028",35.524538144138,13.1530471780678
"Riverside","E05000548","Southwark","E09000028",45.0687308847812,14.4789350793248
"Village","E05000554","Southwark","E09000028",37.3271667449785,13.3985986752059
"South Camberwell","E05000551","Southwark","E09000028",38.2068742378412,13.5644510821912
"East Dulwich","E05000539","Southwark","E09000028",37.767435726583,13.4877313115185
"Peckham Rye","E05000547","Southwark","E09000028",36.4624388370307,13.2942203196084
"Camberwell Green","E05000535","Southwark","E09000028",42.9087559178545,14.1552340819918
"Brunswick Park","E05000534","Southwark","E09000028",41.3078623364582,13.8604610135557
"The Lane","E05000553","Southwark","E09000028",39.8100423125781,13.6668514317669
"Nunhead","E05000545","Southwark","E09000028",38.2485495293409,13.4699164156806
"Peckham","E05000546","Southwark","E09000028",40.5736287921255,13.7362496657306
"Newington","E05000544","Southwark","E09000028",43.7802949325217,14.3758152975938
"Faraday","E05000541","Southwark","E09000028",42.8058949377892,14.1683517435181
"East Walworth","E05000540","Southwark","E09000028",44.4972587395916,14.3795574213593
"Livesey","E05000543","Southwark","E09000028",41.0972977120475,13.821422856787
"South Bermondsey","E05000550","Southwark","E09000028",42.4871886683568,14.0881263886501
"Cathedrals","E05000536","Southwark","E09000028",49.2628756366002,15.1174442008474
"Grange","E05000542","Southwark","E09000028",44.7031400086656,14.4500748890432
"Rotherhithe","E05000549","Southwark","E09000028",42.2191838771763,14.1192988032694
"Surrey Docks","E05000552","Southwark","E09000028",39.7277903292863,13.783455581581
"Chaucer","E05000537","Southwark","E09000028",47.8821790931055,14.799554303419
"Bellingham","E05000437","Lewisham","E09000023",33.5958943368862,12.9493736288885
"Telegraph Hill","E05000453","Lewisham","E09000023",38.7158519480938,13.5139839837637
"Downham","E05000442","Lewisham","E09000023",32.7657693895254,12.8239044886178
"Whitefoot","E05000454","Lewisham","E09000023",33.7593411781138,12.9536323289799
"Blackheath","E05000438","Lewisham","E09000023",37.5307400623683,13.4140369410999
"Sydenham","E05000452","Lewisham","E09000023",34.6729355630462,13.0788605746153
"Forest Hill","E05000444","Lewisham","E09000023",35.8464270273844,13.224447221505
"Perry Vale","E05000450","Lewisham","E09000023",35.0027323404948,13.1693437480927
"Rushey Green","E05000451","Lewisham","E09000023",37.1768688726768,13.3784823638501
"Catford South","E05000440","Lewisham","E09000023",34.5193173088567,13.048608421024
"Crofton Park","E05000441","Lewisham","E09000023",36.2048717565548,13.2708372472187
"Ladywell","E05000446","Lewisham","E09000023",36.7045040963207,13.3599951939858
"Lewisham Central","E05000448","Lewisham","E09000023",37.8584576260701,13.4569653514382
"Brockley","E05000439","Lewisham","E09000023",39.5674443140185,13.6130952258962
"New Cross","E05000449","Lewisham","E09000023",39.6615197204889,13.7061797115863
"Grove Park","E05000445","Lewisham","E09000023",33.2110975647356,12.8346159331835
"Lee Green","E05000447","Lewisham","E09000023",35.2598697025155,13.1613285196385
"Evelyn","E05000443","Lewisham","E09000023",38.946189668024,13.677691282228
"Middle Park and Sutcliffe","E05000224","Greenwich","E09000011",35.1138562565089,13.1503323658686
"Coldharbour and New Eltham","E05000217","Greenwich","E09000011",32.5473710983804,12.7445811442609
"Eltham South","E05000219","Greenwich","E09000011",32.2089106171905,12.6805962930414
"Shooters Hill","E05000227","Greenwich","E09000011",32.4035707617358,12.8052658949155
"Peninsula","E05000225","Greenwich","E09000011",40.5756500041274,14.1449339059975
"Woolwich Riverside","E05000230","Greenwich","E09000011",36.8904815495701,13.3597012325912
"Greenwich West","E05000222","Greenwich","E09000011",38.6102666936421,13.5707321858761
"Eltham West","E05000220","Greenwich","E09000011",37.4018665525718,13.6041521751601
"Blackheath Westcombe","E05000215","Greenwich","E09000011",37.5750838311007,13.5020064637274
"Kidbrooke with Hornfair","E05000223","Greenwich","E09000011",35.58455543029,13.2522978789089
"Eltham North","E05000218","Greenwich","E09000011",34.7539412764282,13.0960629790067
"Charlton","E05000216","Greenwich","E09000011",36.5835567338932,13.4091168458175
"Woolwich Common","E05000229","Greenwich","E09000011",34.8332477496018,13.1483470613452
"Plumstead","E05000226","Greenwich","E09000011",32.6031066156245,12.8076391282051
"Glyndon","E05000221","Greenwich","E09000011",34.2529503922649,13.0187702324385
"Thamesmead Moorings","E05000228","Greenwich","E09000011",32.5656090018455,12.6966935317533
"Abbey Wood","E05000214","Greenwich","E09000011",31.7901164222406,12.6685334996217
"Longlands","E05000078","Bexley","E09000004",31.030746745975,12.4922617546242
"Blackfen and Lamorbey","E05000066","Bexley","E09000004",31.081513595128,12.6165309783682
"Cray Meadows","E05000072","Bexley","E09000004",28.6708529988005,12.1006061878746
"Sidcup","E05000083","Bexley","E09000004",30.6477563095545,12.4892896286533
"St. Mary's","E05000081","Bexley","E09000004",29.8754264219797,12.2722384954672
"Crayford","E05000071","Bexley","E09000004",29.5479134307599,12.2689296679041
"North End","E05000079","Bexley","E09000004",28.1967010334746,12.1549581123413
"Erith","E05000075","Bexley","E09000004",30.6609067680202,12.603156809344
"Belvedere","E05000065","Bexley","E09000004",30.467717484529,12.5511497005829
"Thamesmead East","E05000084","Bexley","E09000004",30.6209889895335,12.4274043414257
"Falconwood and Welling","E05000076","Bexley","E09000004",33.70790597645,13.0003116686301
"East Wickham","E05000074","Bexley","E09000004",31.6829468913066,12.7799718210366
"Blendon and Penhill","E05000067","Bexley","E09000004",32.4296373985337,12.7045459252965
"Danson Park","E05000073","Bexley","E09000004",32.0748252829163,12.7538218248599
"Christchurch","E05000069","Bexley","E09000004",31.852899817074,12.6020893933165
"St. Michael's","E05000082","Bexley","E09000004",31.0277342640462,12.664425031234
"Brampton","E05000068","Bexley","E09000004",30.7747973863776,12.6136740024781
"Northumberland Heath","E05000080","Bexley","E09000004",30.0174999319875,12.4933348704518
"Barnehurst","E05000064","Bexley","E09000004",30.1360422845502,12.3496916044548
"Colyers","E05000070","Bexley","E09000004",29.3897297115127,12.3902215078861
"Lesnes Abbey","E05000077","Bexley","E09000004",31.1332938969438,12.5768066586054
"Chase","E05000195","Enfield","E09000010",28.913251786805,11.9506241095667
"Winchmore Hill","E05000213","Enfield","E09000010",32.5317085267769,12.6946482525222
"Cockfosters","E05000196","Enfield","E09000010",28.7723456485547,12.0444816145857
"Highlands","E05000202","Enfield","E09000010",29.3301057933658,12.1367279920744
"Upper Edmonton","E05000212","Enfield","E09000010",37.0451824149025,13.3573591926798
"Palmers Green","E05000205","Enfield","E09000010",35.610250456546,13.1142219441852
"Edmonton Green","E05000197","Enfield","E09000010",35.7129508671123,13.2626181752148
"Lower Edmonton","E05000204","Enfield","E09000010",33.2773115526288,12.9071619251946
"Grange","E05000200","Enfield","E09000010",31.693209448316,12.5338234810497
"Jubilee","E05000203","Enfield","E09000010",32.1248408234389,12.7194339590686
"Ponders End","E05000206","Enfield","E09000010",31.7867620870762,12.6860046062128
"Enfield Highway","E05000198","Enfield","E09000010",30.4398443932562,12.3568919710074
"Bowes","E05000193","Enfield","E09000010",37.0829032824057,13.2821735446736
"Southgate Green","E05000209","Enfield","E09000010",35.2501801042082,13.0657882498004
"Southgate","E05000208","Enfield","E09000010",32.0920857797217,12.6064010828459
"Haselbury","E05000201","Enfield","E09000010",35.3951578943286,13.0697979002204
"Bush Hill Park","E05000194","Enfield","E09000010",33.1430766935688,12.7955210861387
"Town","E05000210","Enfield","E09000010",30.9754975321808,12.4376130921963
"Southbury","E05000207","Enfield","E09000010",32.8328384208414,12.7257524422711
"Turkey Street","E05000211","Enfield","E09000010",32.2951503686265,12.4780805388946
"Enfield Lock","E05000199","Enfield","E09000010",30.762123448575,12.2337836525508
"Leyton","E05000604","Waltham Forest","E09000031",37.9676313930817,13.5291969167336
"High Street","E05000599","Waltham Forest","E09000031",35.1568822991563,13.0759025689871
"Higham Hill","E05000600","Waltham Forest","E09000031",34.6624633667856,13.0707030238918
"Valley","E05000607","Waltham Forest","E09000031",36.107183625553,13.2256689348417
"Chingford Green","E05000593","Waltham Forest","E09000031",29.7443596105123,12.269613122547
"Cathall","E05000591","Waltham Forest","E09000031",39.964028667203,13.7567026007586
"Lea Bridge","E05000603","Waltham Forest","E09000031",36.5523515949076,13.2589655343139
"Markhouse","E05000606","Waltham Forest","E09000031",35.3034869896876,13.1077159837174
"Grove Green","E05000596","Waltham Forest","E09000031",38.8650479254895,13.6235019392236
"Forest","E05000595","Waltham Forest","E09000031",36.3933708794251,13.2029755630632
"William Morris","E05000608","Waltham Forest","E09000031",35.579618403746,13.2568791983894
"Hoe Street","E05000601","Waltham Forest","E09000031",36.3344908242484,13.2670194580095
"Wood Street","E05000609","Waltham Forest","E09000031",35.5110703092008,13.0954451551695
"Chapel End","E05000592","Waltham Forest","E09000031",36.6743776578605,13.3059567182967
"Hale End and Highams Park","E05000597","Waltham Forest","E09000031",35.1998236874469,13.0050680720189
"Cann Hall","E05000590","Waltham Forest","E09000031",36.7808065770277,13.3567862297172
"Larkswood","E05000602","Waltham Forest","E09000031",33.1030916466487,12.7994499007784
"Endlebury","E05000594","Waltham Forest","E09000031",31.634125525141,12.5917392646151
"Hatch Lane","E05000598","Waltham Forest","E09000031",31.5644587225782,12.5395568423521
"Leytonstone","E05000605","Waltham Forest","E09000031",39.8619960209329,13.6480732645723
"Wanstead","E05000515","Redbridge","E09000026",35.6407962305336,13.0509562658419
"Cranbrook","E05000502","Redbridge","E09000026",36.2802329927504,13.1192045327745
"Newbury","E05000510","Redbridge","E09000026",33.6603094236883,12.9347906269099
"Roding","E05000511","Redbridge","E09000026",38.4213422380256,13.2906787557916
"Fairlop","E05000503","Redbridge","E09000026",30.0733836406158,12.3115153478351
"Goodmayes","E05000505","Redbridge","E09000026",32.1980723414505,12.7777660959645
"Aldborough","E05000495","Redbridge","E09000026",29.5634475075446,12.2415122310817
"Bridge","E05000497","Redbridge","E09000026",32.7527575865111,12.6221517661247
"Hainault","E05000506","Redbridge","E09000026",27.2710707361974,11.890210564648
"Loxford","E05000507","Redbridge","E09000026",37.0381717868467,13.3005759172087
"Clementswood","E05000501","Redbridge","E09000026",35.0170371663687,13.0962868306801
"Mayfield","E05000508","Redbridge","E09000026",32.5029065983296,12.8311783533479
"Valentines","E05000514","Redbridge","E09000026",35.3389392957476,13.0745390633599
"Seven Kings","E05000512","Redbridge","E09000026",31.7277920315185,12.6882449449561
"Snaresbrook","E05000513","Redbridge","E09000026",36.0206279532051,13.0855585794813
"Clayhall","E05000500","Redbridge","E09000026",35.2611687901729,12.9624044362425
"Church End","E05000499","Redbridge","E09000026",36.8598183748474,13.1811916834575
"Barkingside","E05000496","Redbridge","E09000026",33.9984390299754,12.9262165711025
"Fullwell","E05000504","Redbridge","E09000026",31.6188030253379,12.5462721859683
"Chadwell","E05000498","Redbridge","E09000026",31.3013567214531,12.6268093802483
"Monkhams","E05000509","Redbridge","E09000026",31.5172835891084,12.5053288144363
"Carshalton South and Clockhouse","E05000559","Sutton","E09000029",28.5701381675532,12.129797132786
"Cheam","E05000560","Sutton","E09000029",29.2059412224802,12.2848624666499
"Beddington South","E05000556","Sutton","E09000029",30.1468917875211,12.3872131066847
"St. Helier","E05000562","Sutton","E09000029",32.8138763275064,12.9177642699822
"Wandle Valley","E05000571","Sutton","E09000029",32.1449119529925,12.826347001375
"Belmont","E05000557","Sutton","E09000029",29.5825841589296,12.3465129067302
"Nonsuch","E05000561","Sutton","E09000029",31.1114828357339,12.7062149649792
"Worcester Park","E05000572","Sutton","E09000029",31.2235538008664,12.7519738825223
"Sutton South","E05000566","Sutton","E09000029",30.1813610927959,12.4633096804488
"Sutton West","E05000567","Sutton","E09000029",31.7149007841978,12.6931777763969
"Sutton Central","E05000564","Sutton","E09000029",31.8701687233006,12.7011610256037
"Carshalton Central","E05000558","Sutton","E09000029",31.6451396616226,12.6932690398915
"Sutton North","E05000565","Sutton","E09000029",32.0180383240898,12.7968381488627
"Stonecot","E05000563","Sutton","E09000029",32.459370143591,12.9769120812416
"The Wrythe","E05000568","Sutton","E09000029",31.7175043764906,12.7641230563328
"Wallington South","E05000570","Sutton","E09000029",30.7311461716786,12.5072403036565
"Wallington North","E05000569","Sutton","E09000029",31.8063883148254,12.6923927542411
"Beddington North","E05000555","Sutton","E09000029",31.5849846953094,12.7024702428429
"Hampton","E05000520","Richmond upon Thames","E09000027",30.2308135661725,12.3132674832279
"Teddington","E05000530","Richmond upon Thames","E09000027",30.7320800969134,12.3819551493891
"Hampton Wick","E05000522","Richmond upon Thames","E09000027",31.4579111027878,12.5252810745551
"Heathfield","E05000523","Richmond upon Thames","E09000027",33.0246752564302,12.6495885078777
"Twickenham Riverside","E05000531","Richmond upon Thames","E09000027",34.3275350396147,12.9100172135246
"Ham, Petersham and Richmond Riverside","E05000519","Richmond upon Thames","E09000027",32.2704099426184,12.5944551597955
"North Richmond","E05000526","Richmond upon Thames","E09000027",35.1676620154526,12.9653034483327
"Kew","E05000524","Richmond upon Thames","E09000027",35.2401238431933,12.9549536428286
"East Sheen","E05000517","Richmond upon Thames","E09000027",33.1711516778357,12.6925041746495
"Mortlake and Barnes Common","E05000525","Richmond upon Thames","E09000027",37.0748197898483,13.2533525455294
"Hampton North","E05000521","Richmond upon Thames","E09000027",31.0643481176723,12.3760485895225
"Fulwell and Hampton Hill","E05000518","Richmond upon Thames","E09000027",31.9783615792988,12.5835954328984
"West Twickenham","E05000532","Richmond upon Thames","E09000027",32.798809530372,12.6489970686384
"Whitton","E05000533","Richmond upon Thames","E09000027",33.4589733542408,12.7332688473891
"South Twickenham","E05000529","Richmond upon Thames","E09000027",32.8244392401346,12.7088663331199
"St. Margarets and North Twickenham","E05000527","Richmond upon Thames","E09000027",35.3653487860003,13.0182841563812
"South Richmond","E05000528","Richmond upon Thames","E09000027",34.6879306454882,12.8622484031956
"Barnes","E05000516","Richmond upon Thames","E09000027",37.4610237896885,13.3280186763627
"Cannon Hill","E05000456","Merton","E09000024",32.7089538670567,12.8602916274328
"Cricket Green","E05000458","Merton","E09000024",33.7607388775614,12.9969034183445
"Village","E05000472","Merton","E09000024",33.0958492400877,12.7740331664547
"Wimbledon Park","E05000474","Merton","E09000024",35.245442530654,13.2839741717608
"Lower Morden","E05000465","Merton","E09000024",31.9354074532961,12.8119374906387
"West Barnes","E05000473","Merton","E09000024",33.3254721603315,12.9150958009271
"Raynes Park","E05000469","Merton","E09000024",33.9726499552139,12.9555394042257
"Dundonald","E05000459","Merton","E09000024",35.3992373369665,13.2336953210234
"St. Helier","E05000470","Merton","E09000024",32.7027753581424,12.864126802917
"Ravensbury","E05000468","Merton","E09000024",33.9110955173489,13.0350881705829
"Merton Park","E05000466","Merton","E09000024",34.7330714656188,13.1516457156797
"Abbey","E05000455","Merton","E09000024",36.0557727879757,13.3161865769269
"Figge's Marsh","E05000460","Merton","E09000024",35.7070369439179,13.1758611915487
"Pollards Hill","E05000467","Merton","E09000024",33.8837983429266,13.0082599192664
"Graveney","E05000461","Merton","E09000024",34.7566192585376,13.1675838458332
"Longthornton","E05000464","Merton","E09000024",33.8933683328189,13.0549088687432
"Hillside","E05000462","Merton","E09000024",35.124047632953,13.1872400695481
"Trinity","E05000471","Merton","E09000024",35.0589695713672,13.267233969021
"Lavender Fields","E05000463","Merton","E09000024",34.2523958174485,13.0457582758337
"Colliers Wood","E05000457","Merton","E09000024",35.5805048247574,13.2274841063708
"Roehampton and Putney Heath","E05000621","Wandsworth","E09000032",35.2373467352469,13.0033985494865
"Thamesfield","E05000625","Wandsworth","E09000032",38.0253426999875,13.4722941173902
"Wandsworth Common","E05000627","Wandsworth","E09000032",37.347970622746,13.4809702557919
"West Hill","E05000628","Wandsworth","E09000032",35.2383899131334,13.1060609013147
"West Putney","E05000629","Wandsworth","E09000032",35.9318753186443,13.1459575591856
"East Putney","E05000613","Wandsworth","E09000032",37.9462240766111,13.487510626215
"Graveney","E05000616","Wandsworth","E09000032",36.7287671198412,13.4061730052572
"Tooting","E05000626","Wandsworth","E09000032",36.1173681939772,13.3547908823977
"Southfields","E05000624","Wandsworth","E09000032",37.0771534638656,13.4982320617375
"Earlsfield","E05000612","Wandsworth","E09000032",37.0743556430116,13.4757872281943
"Nightingale","E05000618","Wandsworth","E09000032",37.6884725032549,13.5787179824626
"Furzedown","E05000615","Wandsworth","E09000032",35.4342069055003,13.2427789090204
"Bedford","E05000611","Wandsworth","E09000032",36.5966786454322,13.3740347065007
"Balham","E05000610","Wandsworth","E09000032",38.6817586284872,13.7405744932065
"Fairfield","E05000614","Wandsworth","E09000032",41.6293020041273,14.0471755261702
"Northcote","E05000619","Wandsworth","E09000032",39.7015638511223,13.7678482414947
"Latchmere","E05000617","Wandsworth","E09000032",41.344408275463,14.0569407650276
"St. Mary's Park","E05000622","Wandsworth","E09000032",41.7980623227585,14.0912167998607
"Queenstown","E05000620","Wandsworth","E09000032",41.9198132301176,14.2048633296128
"Shaftesbury","E05000623","Wandsworth","E09000032",40.8048264773083,14.0097253219991
"Palace Riverside","E05000259","Hammersmith and Fulham","E09000013",37.6866748872967,13.5100816529836
"Munster","E05000257","Hammersmith and Fulham","E09000013",39.3506661071973,13.8008299191386
"Sands End","E05000262","Hammersmith and Fulham","E09000013",39.1703722718057,13.8205257295892
"Parsons Green and Walham","E05000260","Hammersmith and Fulham","E09000013",40.91869456735,13.9885464818764
"Fulham Broadway","E05000254","Hammersmith and Fulham","E09000013",40.8041518721629,14.0520382316045
"Ravenscourt Park","E05000261","Hammersmith and Fulham","E09000013",41.4101025783735,13.9593944291632
"Hammersmith Broadway","E05000256","Hammersmith and Fulham","E09000013",44.545989400996,14.3498627880882
"Avonmore and Brook Green","E05000252","Hammersmith and Fulham","E09000013",42.685699000709,14.1628572846309
"Askew","E05000251","Hammersmith and Fulham","E09000013",40.0735324611183,13.7094702890941
"Wormholt and White City","E05000265","Hammersmith and Fulham","E09000013",41.5918282894558,13.8496998007033
"Shepherd's Bush Green","E05000263","Hammersmith and Fulham","E09000013",42.5707440147857,13.9802851873244
"College Park and Old Oak","E05000253","Hammersmith and Fulham","E09000013",40.6697155725642,13.8189823208171
"Town","E05000264","Hammersmith and Fulham","E09000013",40.6151872777997,13.9672213562594
"Fulham Reach","E05000255","Hammersmith and Fulham","E09000013",39.9828942775028,13.7606613900151
"North End","E05000258","Hammersmith and Fulham","E09000013",41.9702634162807,14.1682827712907
"Addison","E05000250","Hammersmith and Fulham","E09000013",41.9065801948956,14.0587299646413
"Cremorne","E05000387","Kensington and Chelsea","E09000020",46.2395506574956,14.6446099911246
"Holland","E05000391","Kensington and Chelsea","E09000020",43.1855961755606,14.2010931653243
"Norland","E05000392","Kensington and Chelsea","E09000020",42.506392896668,14.0309441532314
"Golborne","E05000389","Kensington and Chelsea","E09000020",42.1913202456224,14.2576136845545
"Redcliffe","E05000396","Kensington and Chelsea","E09000020",43.0800717401477,14.4545279233912
"Stanley","E05000399","Kensington and Chelsea","E09000020",44.4913477206534,14.5482445786836
"Royal Hospital","E05000397","Kensington and Chelsea","E09000020",45.189063875896,14.5647929808789
"Brompton","E05000383","Kensington and Chelsea","E09000020",48.5960748636498,15.0830289868689
"Abingdon","E05000382","Kensington and Chelsea","E09000020",44.788624340576,14.5430361379359
"Pembridge","E05000394","Kensington and Chelsea","E09000020",43.9844995686265,14.422538992616
"Notting Barns","E05000393","Kensington and Chelsea","E09000020",43.9511514668612,14.0849187607618
"Colville","E05000385","Kensington and Chelsea","E09000020",42.9673944333705,14.1152268628764
"St. Charles","E05000398","Kensington and Chelsea","E09000020",41.0255130256174,13.9356251631879
"Earl's Court","E05000388","Kensington and Chelsea","E09000020",45.7834317967608,14.7884182804948
"Courtfield","E05000386","Kensington and Chelsea","E09000020",44.7856180951087,14.7364113662257
"Queen's Gate","E05000395","Kensington and Chelsea","E09000020",44.9786716929212,14.594686501888
"Hans Town","E05000390","Kensington and Chelsea","E09000020",45.582958398349,14.7247537481612
"Campden","E05000384","Kensington and Chelsea","E09000020",44.2916252203155,14.5080528526975
"St. James's","E05000644","Westminster","E09000033",52.9121710873356,16.3923218547288
"Lancaster Gate","E05000638","Westminster","E09000033",45.3848592154587,14.6881853948666
"Knightsbridge and Belgravia","E05000637","Westminster","E09000033",46.7135429934256,14.7984637657934
"Hyde Park","E05000636","Westminster","E09000033",51.9108970712525,15.5660430989844
"Churchill","E05000633","Westminster","E09000033",46.5246559475037,14.7991836313694
"Vincent Square","E05000646","Westminster","E09000033",49.1263033626055,15.2091991508047
"West End","E05000649","Westminster","E09000033",52.6801201104641,16.5987199739855
"Harrow Road","E05000635","Westminster","E09000033",43.0994026128528,14.2816345460207
"Bryanston and Dorset Square","E05000632","Westminster","E09000033",52.3815902494632,15.7252154358197
"Regent's Park","E05000643","Westminster","E09000033",44.5067512836862,14.5066734121201
"Abbey Road","E05000630","Westminster","E09000033",42.7529737038824,14.3265759263096
"Marylebone High Street","E05000641","Westminster","E09000033",51.7107364898682,15.9224392349243
"Queen's Park","E05000642","Westminster","E09000033",41.4207293008641,13.9566446519752
"Bayswater","E05000631","Westminster","E09000033",46.1007115277109,15.07881185113
"Warwick","E05000647","Westminster","E09000033",48.591697091251,15.1028777912457
"Tachbrook","E05000645","Westminster","E09000033",47.5394992441744,15.0276470280982
"Westbourne","E05000648","Westminster","E09000033",46.3323110125025,14.8531549078353
"Little Venice","E05000639","Westminster","E09000033",47.254586865361,14.9385707065191
"Maida Vale","E05000640","Westminster","E09000033",41.2105340189502,14.1968348100135
"Church Street","E05000634","Westminster","E09000033",47.6113210626551,14.9895632468902
"Swiss Cottage","E05000144","Camden","E09000007",42.0830309302212,14.1488553587322
"Highgate","E05000137","Camden","E09000007",37.4286901186319,13.3384417188047
"Kilburn","E05000140","Camden","E09000007",41.7215390648953,14.0889620792034
"Bloomsbury","E05000129","Camden","E09000007",51.0769056262619,16.1934368274858
"Holborn and Covent Garden","E05000138","Camden","E09000007",52.2289615913911,16.273217612327
"St. Pancras and Somers Town","E05000143","Camden","E09000007",45.7092345288442,14.8093866988412
"Camden Town with Primrose Hill","E05000130","Camden","E09000007",44.2376875707081,14.383557666789
"Cantelowes","E05000131","Camden","E09000007",43.9335236604648,14.357155216004
"King's Cross","E05000141","Camden","E09000007",49.3937075373548,15.5155505728612
"Fortune Green","E05000132","Camden","E09000007",39.34203913783,13.6582338001977
"Frognal and Fitzjohns","E05000133","Camden","E09000007",40.2787100170338,13.8036836165107
"Gospel Oak","E05000134","Camden","E09000007",41.5618454946908,14.0564598798065
"Hampstead Town","E05000135","Camden","E09000007",38.7550368192909,13.5200191244695
"Kentish Town","E05000139","Camden","E09000007",41.7871138832786,14.0773253422332
"West Hampstead","E05000145","Camden","E09000007",41.3548440220886,13.9900771512765
"Belsize","E05000128","Camden","E09000007",42.2307060878785,14.1075850163327
"Haverstock","E05000136","Camden","E09000007",42.1821294642952,14.1849561934908
"Regent's Park","E05000142","Camden","E09000007",46.7327077094184,14.8618122841164
"Millwall","E05000583","Tower Hamlets","E09000030",40.3171122700316,13.819118495672
"Blackwall and Cubitt Town","E05000575","Tower Hamlets","E09000030",41.8132534613556,13.9700619801906
"Shadwell","E05000586","Tower Hamlets","E09000030",47.0603967868187,14.7441038638697
"St. Katharine's and Wapping","E05000585","Tower Hamlets","E09000030",46.9750867990347,14.753877320323
"Limehouse","E05000580","Tower Hamlets","E09000030",44.1485504574246,14.3596258874619
"Bethnal Green South","E05000574","Tower Hamlets","E09000030",43.4579995366347,14.2849669826946
"Mile End and Globe Town","E05000581","Tower Hamlets","E09000030",41.8206779171277,14.1246384361576
"Bethnal Green North","E05000573","Tower Hamlets","E09000030",43.0749261588625,14.1844735083101
"St. Dunstan's and Stepney Green","E05000584","Tower Hamlets","E09000030",41.5217004396332,14.1447371070916
"Mile End East","E05000582","Tower Hamlets","E09000030",41.5734655777702,14.0746552659651
"East India and Lansbury","E05000579","Tower Hamlets","E09000030",42.8601848966525,14.2449521781877
"Bromley-by-Bow","E05000578","Tower Hamlets","E09000030",42.355824221426,14.1393226673354
"Bow West","E05000577","Tower Hamlets","E09000030",40.8712891197545,13.9472090108825
"Bow East","E05000576","Tower Hamlets","E09000030",41.7163094696025,14.1210525301902
"Whitechapel","E05000589","Tower Hamlets","E09000030",46.4211949311563,14.7192262722481
"Spitalfields and Banglatown","E05000587","Tower Hamlets","E09000030",47.0180058087675,15.1086324715689
"Weavers","E05000588","Tower Hamlets","E09000030",44.526846749442,14.441610149897
"Clerkenwell","E05000370","Islington","E09000019",48.7765397390276,15.383953370298
"Caledonian","E05000368","Islington","E09000019",43.8918102970432,14.4695177131937
"St. Mary's","E05000379","Islington","E09000019",44.5973613510483,14.465825398177
"Holloway","E05000375","Islington","E09000019",42.5011281343476,14.1556526532591
"Highbury East","E05000372","Islington","E09000019",41.1308407694539,14.000101265523
"Highbury West","E05000373","Islington","E09000019",41.2926448765716,14.0223357049302
"Tollington","E05000381","Islington","E09000019",39.6227090259768,13.6928764442228
"Bunhill","E05000367","Islington","E09000019",48.4241958401468,15.1877208563377
"St. Peter's","E05000380","Islington","E09000019",44.8451028700585,14.5904016315966
"Canonbury","E05000369","Islington","E09000019",43.0409287066968,14.2200551428215
"Barnsbury","E05000366","Islington","E09000019",43.6232374408112,14.5236205163489
"St. George's","E05000378","Islington","E09000019",40.140648206075,13.867573059418
"Junction","E05000376","Islington","E09000019",41.2038097574403,13.8242892922361
"Finsbury Park","E05000371","Islington","E09000019",41.7006767123027,14.0249349506661
"Hillrise","E05000374","Islington","E09000019",39.0147046179229,13.5040684397515
"Mildmay","E05000377","Islington","E09000019",42.2369665063748,14.1234348400468
"Haggerston","E05000239","Hackney","E09000012",45.7078457222329,14.5740474289142
"Brownswood","E05000231","Hackney","E09000012",40.4263293435129,13.7632200063131
"De Beauvoir","E05000236","Hackney","E09000012",43.2785881553163,14.2529463181063
"Queensbridge","E05000245","Hackney","E09000012",41.5193144290286,14.0293714833814
"Wick","E05000249","Hackney","E09000012",43.3282209506239,14.2665356831384
"Dalston","E05000235","Hackney","E09000012",42.5868296850295,14.1313898193888
"Stoke Newington Central","E05000247","Hackney","E09000012",41.1850080115493,14.0876473925598
"Hackney Downs","E05000238","Hackney","E09000012",39.3981633206918,13.7753923969112
"Leabridge","E05000242","Hackney","E09000012",39.1229253180941,13.5930538080689
"New River","E05000244","Hackney","E09000012",39.744779367404,13.6644811720034
"Cazenove","E05000232","Hackney","E09000012",38.6874613539081,13.6418392312861
"King's Park","E05000241","Hackney","E09000012",36.9297857120915,13.3885931939319
"Hoxton","E05000240","Hackney","E09000012",45.2631208110278,14.5808078981347
"Victoria","E05000248","Hackney","E09000012",42.0487006343043,14.0288610472693
"Hackney Central","E05000237","Hackney","E09000012",42.4690817887666,14.0540196592691
"Chatham","E05000233","Hackney","E09000012",42.048875061559,13.9499840039602
"Clissold","E05000234","Hackney","E09000012",39.754250190061,13.9006345368518
"Lordship","E05000243","Hackney","E09000012",38.7930843311042,13.7022070345643
"Springfield","E05000246","Hackney","E09000012",36.779853626452,13.3190580934223
"Highgate","E05000272","Haringey","E09000014",37.1882799931422,13.2513386667711
"Harringay","E05000271","Haringey","E09000014",38.8895768825264,13.5901319362859
"Fortis Green","E05000270","Haringey","E09000014",35.9857204112031,13.1189558654755
"Bounds Green","E05000267","Haringey","E09000014",36.0571269873149,13.1599475224997
"Crouch End","E05000269","Haringey","E09000014",37.4705624408288,13.3242230423287
"Stroud Green","E05000279","Haringey","E09000014",37.6484216140417,13.4386231936801
"Muswell Hill","E05000274","Haringey","E09000014",37.1095687506421,13.2707365197455
"Hornsey","E05000273","Haringey","E09000014",37.5537551929086,13.4426919979825
"Alexandra","E05000266","Haringey","E09000014",35.3569913453694,13.0458265410448
"Noel Park","E05000275","Haringey","E09000014",37.9879048976413,13.4563475196376
"Woodside","E05000284","Haringey","E09000014",37.022632414656,13.2785704530291
"St. Ann's","E05000277","Haringey","E09000014",38.7761245387339,13.4894008176369
"Seven Sisters","E05000278","Haringey","E09000014",38.4403245026077,13.44938072839
"Tottenham Green","E05000280","Haringey","E09000014",40.2763563047233,13.6135196559495
"West Green","E05000282","Haringey","E09000014",37.402600721483,13.3686423177684
"Tottenham Hale","E05000281","Haringey","E09000014",37.5492925616047,13.3392650930767
"White Hart Lane","E05000283","Haringey","E09000014",36.49868410084,13.2196840538863
"Bruce Grove","E05000268","Haringey","E09000014",37.3595582483778,13.3525658494211
"Northumberland Park","E05000276","Haringey","E09000014",36.0406592387454,13.2421952315667
"Royal Docks","E05000491","Newham","E09000025",36.8051155372047,13.2702197166101
"Canning Town North","E05000477","Newham","E09000025",38.6077466010271,13.6305588538323
"Beckton","E05000475","Newham","E09000025",36.4038801640681,13.2149471648073
"East Ham South","E05000482","Newham","E09000025",38.3777572061254,13.5040273525445
"Stratford and New Town","E05000492","Newham","E09000025",39.0518236219411,13.7675444912185
"Canning Town South","E05000478","Newham","E09000025",40.3818482496393,13.9039178950203
"Custom House","E05000479","Newham","E09000025",38.3632733114656,13.4904492972848
"Plaistow South","E05000490","Newham","E09000025",38.6783810433179,13.6020018014517
"West Ham","E05000494","Newham","E09000025",38.061049720211,13.5413262654094
"Plaistow North","E05000489","Newham","E09000025",37.2585140443905,13.4485871263421
"Forest Gate South","E05000484","Newham","E09000025",37.6719432724455,13.5214429021803
"Boleyn","E05000476","Newham","E09000025",35.9250933296021,13.3493411186734
"East Ham Central","E05000480","Newham","E09000025",37.2537767354006,13.4369065506118
"Green Street West","E05000486","Newham","E09000025",36.9327673577051,13.4526198990142
"Green Street East","E05000485","Newham","E09000025",36.7298407935585,13.4549511635911
"East Ham North","E05000481","Newham","E09000025",35.7191876774341,13.3208800560605
"Wall End","E05000493","Newham","E09000025",36.8707908271497,13.3378228573572
"Forest Gate North","E05000483","Newham","E09000025",36.321117264448,13.3468294677564
"Manor Park","E05000488","Newham","E09000025",35.851592449772,13.29630641446
"Little Ilford","E05000487","Newham","E09000025",35.8520045451258,13.2127112590759
"Gascoigne","E05000032","Barking and Dagenham","E09000002",37.3192970735211,13.3367178082991
"Thames","E05000039","Barking and Dagenham","E09000002",33.1033008289902,12.846693874725
"River","E05000038","Barking and Dagenham","E09000002",31.9181127129865,12.6611998342525
"Village","E05000041","Barking and Dagenham","E09000002",29.7864033414868,12.4435445933552
"Abbey","E05000026","Barking and Dagenham","E09000002",36.7326826220633,13.2756680771471
"Longbridge","E05000035","Barking and Dagenham","E09000002",33.4668780102844,12.9773801194831
"Eastbury","E05000031","Barking and Dagenham","E09000002",34.7037966941672,13.0728974615811
"Goresbrook","E05000033","Barking and Dagenham","E09000002",32.2768473110289,12.831923893136
"Mayesbrook","E05000036","Barking and Dagenham","E09000002",32.0901029414144,12.847951344375
"Becontree","E05000028","Barking and Dagenham","E09000002",32.2840891124224,12.8960758811456
"Alibon","E05000027","Barking and Dagenham","E09000002",31.0390392695434,12.6782734910554
"Valence","E05000040","Barking and Dagenham","E09000002",31.440240647795,12.7344356867267
"Heath","E05000034","Barking and Dagenham","E09000002",30.5389658626556,12.5458881744385
"Whalebone","E05000042","Barking and Dagenham","E09000002",31.75087333981,12.7271854031708
"Eastbrook","E05000030","Barking and Dagenham","E09000002",29.2469846073619,12.3567858074974
"Chadwell Heath","E05000029","Barking and Dagenham","E09000002",29.8743979535295,12.3063113449147
"Parsloes","E05000037","Barking and Dagenham","E09000002",31.6347808487524,12.7722981099809
"City of London","E09000001","City of London","E09000001",54.1886362290533,16.0321188487529
