"MSOA Name","MSOA Code","LAD Name","LAD Code","Mean NO2 Conc.","Mean PM2.5 Conc."
"City of London 001","E02000001","City of London","E09000001",54.2032064082589,16.0333932291207
"Barking and Dagenham 001","E02000002","Barking and Dagenham","E09000002",29.2902013095757,12.2123650624906
"Barking and Dagenham 002","E02000003","Barking and Dagenham","E09000002",31.4438931822399,12.5935100386131
"Barking and Dagenham 003","E02000004","Barking and Dagenham","E09000002",28.7616103030396,12.2584790756226
"Barking and Dagenham 004","E02000005","Barking and Dagenham","E09000002",31.1595995835584,12.6902003233682
"Barking and Dagenham 006","E02000007","Barking and Dagenham","E09000002",30.3428845218885,12.506437248483
"Barking and Dagenham 007","E02000008","Barking and Dagenham","E09000002",31.5539498443431,12.7614843445426
"Barking and Dagenham 008","E02000009","Barking and Dagenham","E09000002",32.7336689022192,12.9845541404405
"Barking and Dagenham 009","E02000010","Barking and Dagenham","E09000002",30.8237041922978,12.6628550553322
"Barking and Dagenham 010","E02000011","Barking and Dagenham","E09000002",29.8194702558795,12.4942211834574
"Barking and Dagenham 011","E02000012","Barking and Dagenham","E09000002",33.4349488751196,12.9783196312789
"Barking and Dagenham 012","E02000013","Barking and Dagenham","E09000002",31.8731108392988,12.8165532914289
"Barking and Dagenham 013","E02000014","Barking and Dagenham","E09000002",31.7663405357034,12.7611160108934
"Barking and Dagenham 014","E02000015","Barking and Dagenham","E09000002",30.1847506800912,12.4920761458716
"Barking and Dagenham 015","E02000016","Barking and Dagenham","E09000002",37.1522876488443,13.311511516571
"Barking and Dagenham 016","E02000017","Barking and Dagenham","E09000002",34.7910704029425,13.1005669281991
"Barking and Dagenham 017","E02000018","Barking and Dagenham","E09000002",33.7333334175573,12.9829342370161
"Barking and Dagenham 018","E02000019","Barking and Dagenham","E09000002",33.0427759796975,12.8500169888373
"Barking and Dagenham 019","E02000020","Barking and Dagenham","E09000002",33.2349034471893,12.8834213556795
"Barking and Dagenham 020","E02000021","Barking and Dagenham","E09000002",32.0587846582828,12.6694654343168
"Barking and Dagenham 021","E02000022","Barking and Dagenham","E09000002",37.3566224371266,13.3425521198501
"Barking and Dagenham 022","E02000023","Barking and Dagenham","E09000002",33.6014710005903,12.8866820478616
"Barnet 001","E02000024","Barnet","E09000003",28.9872651430078,12.0818712393831
"Barnet 002","E02000025","Barnet","E09000003",29.0612613638652,12.1271166752294
"Barnet 003","E02000026","Barnet","E09000003",29.72883178653,12.2873101132266
"Barnet 004","E02000027","Barnet","E09000003",29.6460550801884,12.243681614233
"Barnet 005","E02000028","Barnet","E09000003",31.515563932369,12.5177459608548
"Barnet 006","E02000029","Barnet","E09000003",31.2576073045733,12.5309554786583
"Barnet 007","E02000030","Barnet","E09000003",30.089018223255,12.2005706591151
"Barnet 008","E02000031","Barnet","E09000003",32.4491920212807,12.7339851306186
"Barnet 009","E02000032","Barnet","E09000003",32.0751790381943,12.6435662476818
"Barnet 010","E02000033","Barnet","E09000003",32.8547213035717,12.7621773911981
"Barnet 011","E02000034","Barnet","E09000003",32.91156575805,12.8160543817447
"Barnet 012","E02000035","Barnet","E09000003",31.8696659604769,12.6637743364157
"Barnet 013","E02000036","Barnet","E09000003",34.4397146786714,12.7790990312583
"Barnet 014","E02000037","Barnet","E09000003",31.7437059767403,12.3662975956735
"Barnet 015","E02000038","Barnet","E09000003",34.6287688086253,12.9326260927065
"Barnet 016","E02000039","Barnet","E09000003",35.8917780144938,12.9890519562657
"Barnet 017","E02000040","Barnet","E09000003",31.5667368809536,12.5113789038594
"Barnet 018","E02000041","Barnet","E09000003",33.2481005027692,12.8171867860825
"Barnet 019","E02000042","Barnet","E09000003",34.7813958566656,12.9697458390836
"Barnet 020","E02000043","Barnet","E09000003",32.2119070567518,12.6640277336689
"Barnet 021","E02000044","Barnet","E09000003",33.8320364829472,12.847109441076
"Barnet 022","E02000045","Barnet","E09000003",36.7224148017431,13.1182382016781
"Barnet 023","E02000046","Barnet","E09000003",35.7995763278398,13.0842414992755
"Barnet 024","E02000047","Barnet","E09000003",33.8406340432545,12.937154766924
"Barnet 025","E02000048","Barnet","E09000003",35.4749774285887,13.0026056982474
"Barnet 026","E02000049","Barnet","E09000003",34.5864903769207,13.071389659254
"Barnet 027","E02000050","Barnet","E09000003",37.0233627907208,13.2014661825233
"Barnet 028","E02000051","Barnet","E09000003",37.693775585946,13.299852099379
"Barnet 029","E02000052","Barnet","E09000003",36.3358621220892,13.1866712899044
"Barnet 030","E02000053","Barnet","E09000003",36.3590764857343,13.5951841471436
"Barnet 031","E02000054","Barnet","E09000003",40.0874511138142,13.6020841208892
"Barnet 032","E02000055","Barnet","E09000003",38.1567228391435,13.3986266613007
"Barnet 033","E02000056","Barnet","E09000003",36.2360789922613,13.1556510812125
"Barnet 034","E02000057","Barnet","E09000003",40.2367616313243,13.6489433980825
"Barnet 035","E02000058","Barnet","E09000003",37.7233524528778,13.3434647897094
"Barnet 036","E02000059","Barnet","E09000003",37.5847535208995,13.3570798039328
"Barnet 037","E02000060","Barnet","E09000003",40.0587839388501,13.7067172622064
"Barnet 038","E02000061","Barnet","E09000003",37.9274418196447,13.4158651105541
"Barnet 039","E02000062","Barnet","E09000003",42.0564908937739,13.933406442553
"Barnet 040","E02000063","Barnet","E09000003",38.6010686647395,13.5808649940137
"Barnet 041","E02000064","Barnet","E09000003",39.035681938776,13.5738087947293
"Bexley 001","E02000065","Bexley","E09000004",30.4707952467684,12.4049311416058
"Bexley 002","E02000066","Bexley","E09000004",31.1633587993204,12.5270251697288
"Bexley 003","E02000067","Bexley","E09000004",30.4786365624209,12.5503180361696
"Bexley 004","E02000068","Bexley","E09000004",30.9659456419451,12.6286484752581
"Bexley 005","E02000069","Bexley","E09000004",30.1458370408133,12.5630090802703
"Bexley 006","E02000070","Bexley","E09000004",30.9144369251809,12.5677721307335
"Bexley 007","E02000071","Bexley","E09000004",29.894703168248,12.4774546631359
"Bexley 008","E02000072","Bexley","E09000004",28.1435839738295,12.1518500428594
"Bexley 009","E02000073","Bexley","E09000004",31.3212442984396,12.6741476817592
"Bexley 010","E02000074","Bexley","E09000004",30.1176236951783,12.4382839684124
"Bexley 011","E02000075","Bexley","E09000004",30.3479204543602,12.5551634210536
"Bexley 013","E02000077","Bexley","E09000004",31.0204525763709,12.7050341827805
"Bexley 014","E02000078","Bexley","E09000004",29.2614797564981,12.3305593984491
"Bexley 015","E02000079","Bexley","E09000004",31.492143751431,12.5970679363211
"Bexley 016","E02000080","Bexley","E09000004",32.1836626247669,12.8603176608505
"Bexley 017","E02000081","Bexley","E09000004",30.4457228994049,12.375785442083
"Bexley 018","E02000082","Bexley","E09000004",33.4746261118557,12.9322593971725
"Bexley 019","E02000083","Bexley","E09000004",29.4053915290709,12.2507305197618
"Bexley 020","E02000084","Bexley","E09000004",32.3413356591335,12.6957018480277
"Bexley 021","E02000085","Bexley","E09000004",32.7486368375984,12.7783580136875
"Bexley 022","E02000086","Bexley","E09000004",30.5151945305076,12.5312477780107
"Bexley 023","E02000087","Bexley","E09000004",30.2658946822871,12.2934528340118
"Bexley 024","E02000088","Bexley","E09000004",30.0095335264009,12.3942713054107
"Bexley 025","E02000089","Bexley","E09000004",30.7439003500021,12.5458093931977
"Bexley 026","E02000090","Bexley","E09000004",31.2537742334142,12.5362810723061
"Bexley 027","E02000091","Bexley","E09000004",30.2272943385134,12.373574539327
"Bexley 028","E02000092","Bexley","E09000004",28.5270945813286,12.0652520146978
"Brent 001","E02000093","Brent","E09000005",33.4825700522854,12.8886975427953
"Brent 002","E02000094","Brent","E09000005",35.0783183464335,13.1773704068482
"Brent 003","E02000095","Brent","E09000005",33.9616976670871,12.9034596314844
"Brent 004","E02000096","Brent","E09000005",32.4382711175434,12.6828639187728
"Brent 005","E02000097","Brent","E09000005",34.2766785451599,12.9569034437937
"Brent 006","E02000098","Brent","E09000005",33.5758716595759,12.8496396664062
"Brent 007","E02000099","Brent","E09000005",33.0784787998478,12.7620497670687
"Brent 008","E02000100","Brent","E09000005",32.8677356645635,12.698239304213
"Brent 009","E02000101","Brent","E09000005",36.1925908809649,13.2248768616158
"Brent 010","E02000102","Brent","E09000005",37.7830336455185,13.4110426021492
"Brent 011","E02000103","Brent","E09000005",38.3225514691705,13.4416657908195
"Brent 012","E02000104","Brent","E09000005",35.6084259654776,13.18449341314
"Brent 013","E02000105","Brent","E09000005",34.4839041017196,12.9236938042347
"Brent 014","E02000106","Brent","E09000005",42.0237061618979,14.0579536835211
"Brent 015","E02000107","Brent","E09000005",37.9224970992239,13.4294380031385
"Brent 016","E02000108","Brent","E09000005",33.995646813253,12.8661567829975
"Brent 017","E02000109","Brent","E09000005",36.663348029688,13.3898642544909
"Brent 018","E02000110","Brent","E09000005",37.3905991437821,13.3873836863353
"Brent 019","E02000111","Brent","E09000005",35.6460734702991,13.0725594347877
"Brent 020","E02000112","Brent","E09000005",38.3304391024321,13.495869561214
"Brent 021","E02000113","Brent","E09000005",41.924685774744,13.9176030373003
"Brent 022","E02000114","Brent","E09000005",38.7612187671786,13.4734135224029
"Brent 023","E02000115","Brent","E09000005",39.2581557797714,13.5900160167139
"Brent 024","E02000116","Brent","E09000005",38.7591458743237,13.4677951770343
"Brent 025","E02000117","Brent","E09000005",41.0761002905153,13.7272086280099
"Brent 026","E02000118","Brent","E09000005",36.4136246731211,13.1877229464477
"Brent 027","E02000119","Brent","E09000005",39.553981421397,13.520238283314
"Brent 028","E02000120","Brent","E09000005",40.5003806079545,13.872529875799
"Brent 029","E02000121","Brent","E09000005",36.8299330910195,13.1757765863767
"Brent 030","E02000122","Brent","E09000005",37.8046736805025,13.4014393979185
"Brent 031","E02000123","Brent","E09000005",41.5390418025085,13.8003064368832
"Brent 032","E02000124","Brent","E09000005",40.1133312939131,13.7533784024835
"Brent 033","E02000125","Brent","E09000005",39.7781843874467,13.5872810238943
"Brent 034","E02000126","Brent","E09000005",41.476084249607,14.1196002225945
"Bromley 001","E02000127","Bromley","E09000006",31.5112634349932,12.6187739841429
"Bromley 002","E02000128","Bromley","E09000006",29.9503419328384,12.3624255155024
"Bromley 004","E02000130","Bromley","E09000006",33.2176705541144,12.918504236195
"Bromley 005","E02000131","Bromley","E09000006",34.2920050935741,12.9894029802228
"Bromley 006","E02000132","Bromley","E09000006",33.0503775831582,12.8650295715209
"Bromley 007","E02000133","Bromley","E09000006",29.7799919357875,12.3332312541012
"Bromley 008","E02000134","Bromley","E09000006",32.185081519762,12.7572554719722
"Bromley 009","E02000135","Bromley","E09000006",33.5133986672319,12.9482844194662
"Bromley 010","E02000136","Bromley","E09000006",28.8577870906824,12.1794509190212
"Bromley 011","E02000137","Bromley","E09000006",31.161391632633,12.6213092616758
"Bromley 012","E02000138","Bromley","E09000006",31.9148137918233,12.7932928644874
"Bromley 013","E02000139","Bromley","E09000006",32.3294009011238,12.8121888301592
"Bromley 014","E02000140","Bromley","E09000006",29.564390144413,12.3000635063638
"Bromley 015","E02000141","Bromley","E09000006",32.9699126905208,12.9015434655091
"Bromley 016","E02000142","Bromley","E09000006",31.1979510769628,12.5898991386212
"Bromley 018","E02000144","Bromley","E09000006",31.5416406760625,12.6248114221474
"Bromley 019","E02000145","Bromley","E09000006",26.4796585914905,11.7703794985053
"Bromley 020","E02000146","Bromley","E09000006",30.1960349180869,12.4918013698288
"Bromley 021","E02000147","Bromley","E09000006",30.5348684848621,12.5456107297426
"Bromley 022","E02000148","Bromley","E09000006",28.1030840271597,12.1380869048908
"Bromley 023","E02000149","Bromley","E09000006",28.3046321207954,12.1804543518638
"Bromley 024","E02000150","Bromley","E09000006",30.8783057901407,12.7016517109716
"Bromley 025","E02000151","Bromley","E09000006",27.7907923484483,12.1040934060463
"Bromley 026","E02000152","Bromley","E09000006",28.2199804581487,12.1485608125459
"Bromley 027","E02000153","Bromley","E09000006",29.5302496678203,12.3840978988959
"Bromley 028","E02000154","Bromley","E09000006",28.3186579806576,12.1467015890632
"Bromley 029","E02000155","Bromley","E09000006",27.3261825613722,12.0024439947044
"Bromley 030","E02000156","Bromley","E09000006",29.8250602450743,12.4157700523191
"Bromley 031","E02000157","Bromley","E09000006",27.444908625674,12.0069515147308
"Bromley 032","E02000158","Bromley","E09000006",26.2680492231172,11.8203636140754
"Bromley 033","E02000159","Bromley","E09000006",27.5185297851729,11.996278599178
"Bromley 034","E02000160","Bromley","E09000006",27.6666437255741,12.0492112743915
"Bromley 035","E02000161","Bromley","E09000006",26.6690831469447,11.892100673577
"Bromley 036","E02000162","Bromley","E09000006",24.9061361433285,11.5814660368686
"Bromley 037","E02000163","Bromley","E09000006",24.870861917177,11.5314626984097
"Bromley 039","E02000165","Bromley","E09000006",23.9574411498893,11.4449939239225
"Camden 001","E02000166","Camden","E09000007",37.1840440770104,13.3019843669963
"Camden 002","E02000167","Camden","E09000007",38.3246447477675,13.4441377803792
"Camden 003","E02000168","Camden","E09000007",41.5181623819833,13.9874920533082
"Camden 004","E02000169","Camden","E09000007",39.0662427131166,13.6280773578806
"Camden 005","E02000170","Camden","E09000007",39.1866072823885,13.6371241174811
"Camden 006","E02000171","Camden","E09000007",41.7719394088344,14.04093770745
"Camden 007","E02000172","Camden","E09000007",41.3247797207749,14.08463238327
"Camden 008","E02000173","Camden","E09000007",42.372226964043,14.1140371550024
"Camden 009","E02000174","Camden","E09000007",42.1256443239073,14.1398957721546
"Camden 010","E02000175","Camden","E09000007",41.3433162258446,13.9966841449005
"Camden 011","E02000176","Camden","E09000007",41.7859184784975,14.0356638684779
"Camden 012","E02000177","Camden","E09000007",42.5707079240979,14.2335127088437
"Camden 013","E02000178","Camden","E09000007",40.9478514644078,13.8735662903105
"Camden 014","E02000179","Camden","E09000007",42.8075196316997,14.1942585055233
"Camden 015","E02000180","Camden","E09000007",44.5154417181291,14.4345184833328
"Camden 016","E02000181","Camden","E09000007",40.1987068828932,13.926816730021
"Camden 017","E02000182","Camden","E09000007",43.2750182120908,14.2814198148506
"Camden 018","E02000183","Camden","E09000007",42.3811287513146,14.2048681300077
"Camden 019","E02000184","Camden","E09000007",46.1317899271586,14.6534793822793
"Camden 020","E02000185","Camden","E09000007",41.9457784458279,14.166802608776
"Camden 021","E02000186","Camden","E09000007",46.5069830927986,14.7517249138591
"Camden 022","E02000187","Camden","E09000007",46.0925773740455,14.9159843071082
"Camden 023","E02000188","Camden","E09000007",46.7447125913597,14.9373468504593
"Camden 024","E02000189","Camden","E09000007",49.8894949049199,15.5138129828596
"Camden 025","E02000190","Camden","E09000007",48.6273147026357,15.5046657963372
"Camden 026","E02000191","Camden","E09000007",52.0909074951586,16.2908409661088
"Camden 027","E02000192","Camden","E09000007",49.4853907775879,15.7434081303796
"Camden 028","E02000193","Camden","E09000007",52.6785078541016,16.4534751841452
"Croydon 001","E02000194","Croydon","E09000008",34.5624653792963,13.0262505239873
"Croydon 002","E02000195","Croydon","E09000008",34.2856211473534,13.0495430472972
"Croydon 003","E02000196","Croydon","E09000008",33.7878624105736,13.018448548955
"Croydon 004","E02000197","Croydon","E09000008",33.7944023939309,13.0600313741833
"Croydon 005","E02000198","Croydon","E09000008",34.4221656764794,13.100586926128
"Croydon 006","E02000199","Croydon","E09000008",34.0688054080799,13.0530150589923
"Croydon 007","E02000200","Croydon","E09000008",33.3471637782145,12.9157999801391
"Croydon 008","E02000201","Croydon","E09000008",33.1416014949518,12.9243770370057
"Croydon 009","E02000202","Croydon","E09000008",33.2940696542065,13.0058174900804
"Croydon 010","E02000203","Croydon","E09000008",34.3786070388747,13.0923328069275
"Croydon 011","E02000204","Croydon","E09000008",33.8928912282873,13.0881357849969
"Croydon 013","E02000206","Croydon","E09000008",33.5964874223707,13.0081820315625
"Croydon 014","E02000207","Croydon","E09000008",32.4386686501279,12.8181019846392
"Croydon 015","E02000208","Croydon","E09000008",34.1340199077831,13.1607566015685
"Croydon 016","E02000209","Croydon","E09000008",33.7710391094609,13.2157242497524
"Croydon 017","E02000210","Croydon","E09000008",32.2306223484196,12.8659178707623
"Croydon 018","E02000211","Croydon","E09000008",30.2130243138374,12.4922868707176
"Croydon 019","E02000212","Croydon","E09000008",34.0673577924653,13.2527834994683
"Croydon 020","E02000213","Croydon","E09000008",36.0345327883959,13.328816036135
"Croydon 021","E02000214","Croydon","E09000008",31.7427232541069,12.7080138094024
"Croydon 022","E02000215","Croydon","E09000008",33.7091350415345,13.0365686362153
"Croydon 023","E02000216","Croydon","E09000008",31.3058376378665,12.574096391156
"Croydon 024","E02000217","Croydon","E09000008",34.5896237902218,13.1682985233912
"Croydon 025","E02000218","Croydon","E09000008",29.4969403747078,12.3096358019155
"Croydon 026","E02000219","Croydon","E09000008",29.3733504071152,12.2637293601454
"Croydon 027","E02000220","Croydon","E09000008",35.3972344575867,13.0908600766061
"Croydon 028","E02000221","Croydon","E09000008",32.7691754517651,12.7138714099621
"Croydon 029","E02000222","Croydon","E09000008",31.1256101960631,12.494316330808
"Croydon 030","E02000223","Croydon","E09000008",28.4986866161302,12.0992908171302
"Croydon 031","E02000224","Croydon","E09000008",31.0480136769756,12.5594593394072
"Croydon 032","E02000225","Croydon","E09000008",27.0298639884938,11.9451464996319
"Croydon 033","E02000226","Croydon","E09000008",28.9036328349669,12.1778810714066
"Croydon 034","E02000227","Croydon","E09000008",27.5682554935676,11.968529912446
"Croydon 035","E02000228","Croydon","E09000008",28.6089451312105,12.1600275361177
"Croydon 036","E02000229","Croydon","E09000008",26.2809736675362,11.8145371660522
"Croydon 037","E02000230","Croydon","E09000008",31.0870082075815,12.5052834635068
"Croydon 038","E02000231","Croydon","E09000008",29.0394983549253,12.198230881455
"Croydon 039","E02000232","Croydon","E09000008",26.6506684776774,11.8407907670038
"Croydon 040","E02000233","Croydon","E09000008",28.2612782881551,12.0743682179995
"Croydon 041","E02000234","Croydon","E09000008",28.5582085238365,12.1094698223169
"Croydon 042","E02000235","Croydon","E09000008",26.7149685785882,11.8468409151452
"Croydon 043","E02000236","Croydon","E09000008",27.2748795239394,11.9531448703113
"Croydon 044","E02000237","Croydon","E09000008",25.7176093672124,11.6792439725866
"Ealing 001","E02000238","Ealing","E09000009",33.4735415666895,12.8014778635016
"Ealing 002","E02000239","Ealing","E09000009",33.9521665681511,12.8260593577701
"Ealing 003","E02000240","Ealing","E09000009",33.0203167081319,12.6237441754429
"Ealing 004","E02000241","Ealing","E09000009",33.4919265735405,12.7438574006434
"Ealing 005","E02000242","Ealing","E09000009",34.7599491587193,12.9350374224382
"Ealing 006","E02000243","Ealing","E09000009",35.5915677851141,12.9978987052858
"Ealing 007","E02000244","Ealing","E09000009",37.4807826329657,13.2438246969917
"Ealing 008","E02000245","Ealing","E09000009",34.1275030547298,12.655123621795
"Ealing 009","E02000246","Ealing","E09000009",32.1345402804356,12.4314151601557
"Ealing 010","E02000247","Ealing","E09000009",34.7951068594634,12.8597089021529
"Ealing 011","E02000248","Ealing","E09000009",42.275252900694,13.886506999522
"Ealing 012","E02000249","Ealing","E09000009",35.3023402243058,12.963566620696
"Ealing 013","E02000250","Ealing","E09000009",36.6743321445401,13.1970171795211
"Ealing 014","E02000251","Ealing","E09000009",34.3162747264364,12.8322902919382
"Ealing 015","E02000252","Ealing","E09000009",41.4115580337307,13.9793521578278
"Ealing 016","E02000253","Ealing","E09000009",35.1489532177265,12.9499166267908
"Ealing 017","E02000254","Ealing","E09000009",34.2527394779967,12.7988393728115
"Ealing 018","E02000255","Ealing","E09000009",36.2631849334883,13.2269318441565
"Ealing 019","E02000256","Ealing","E09000009",37.5637420420232,13.5348875454693
"Ealing 020","E02000257","Ealing","E09000009",38.7337344891652,13.5862197130672
"Ealing 021","E02000258","Ealing","E09000009",38.7046749876146,13.7602742548948
"Ealing 022","E02000259","Ealing","E09000009",34.6373323209993,12.9880837528822
"Ealing 023","E02000260","Ealing","E09000009",37.0612136172511,13.187430010063
"Ealing 024","E02000261","Ealing","E09000009",40.7779125098524,13.8385268235442
"Ealing 025","E02000262","Ealing","E09000009",39.5939403192957,13.6180572658944
"Ealing 026","E02000263","Ealing","E09000009",35.2817781013139,13.0194076039981
"Ealing 027","E02000264","Ealing","E09000009",38.8424488371471,13.5548586360911
"Ealing 028","E02000265","Ealing","E09000009",37.6733436976807,13.4672127400018
"Ealing 029","E02000266","Ealing","E09000009",35.5457248996874,13.10401355109
"Ealing 030","E02000267","Ealing","E09000009",37.080633151342,13.305165876661
"Ealing 031","E02000268","Ealing","E09000009",36.780831414393,13.2906116670825
"Ealing 032","E02000269","Ealing","E09000009",36.3787919107843,13.282547051369
"Ealing 033","E02000270","Ealing","E09000009",38.0565111910789,13.4406935216191
"Ealing 034","E02000271","Ealing","E09000009",38.0501144674373,13.4553652319679
"Ealing 035","E02000272","Ealing","E09000009",35.1439296608978,13.0405699684992
"Ealing 037","E02000274","Ealing","E09000009",35.5701718086841,12.9767164091408
"Ealing 038","E02000275","Ealing","E09000009",35.587951873894,12.9648841816205
"Ealing 039","E02000276","Ealing","E09000009",36.6572266226457,13.2693505321344
"Enfield 001","E02000277","Enfield","E09000010",33.1188227246031,12.5174617709227
"Enfield 002","E02000278","Enfield","E09000010",32.2747607276221,12.4701359994021
"Enfield 003","E02000279","Enfield","E09000010",30.1840982423996,12.1585659861802
"Enfield 004","E02000280","Enfield","E09000010",28.852840742528,11.9315187939812
"Enfield 005","E02000281","Enfield","E09000010",30.6390285129712,12.3244797518847
"Enfield 006","E02000282","Enfield","E09000010",31.9163985277864,12.5229754146635
"Enfield 007","E02000283","Enfield","E09000010",30.4702158537975,12.3841285468732
"Enfield 008","E02000284","Enfield","E09000010",30.7414016711826,12.3857603138056
"Enfield 009","E02000285","Enfield","E09000010",31.0091828453925,12.4513476764002
"Enfield 010","E02000286","Enfield","E09000010",29.769440387851,12.1927611305283
"Enfield 011","E02000287","Enfield","E09000010",28.4499025591932,11.9850965461614
"Enfield 012","E02000288","Enfield","E09000010",32.8942093353041,12.7468362278529
"Enfield 013","E02000289","Enfield","E09000010",29.2856820257086,12.1455676144451
"Enfield 014","E02000290","Enfield","E09000010",30.4113073579091,12.4276628147954
"Enfield 015","E02000291","Enfield","E09000010",32.3202295303345,12.6770789720072
"Enfield 016","E02000292","Enfield","E09000010",32.7774888085191,12.7885240541798
"Enfield 017","E02000293","Enfield","E09000010",31.1893070376794,12.4725157097522
"Enfield 018","E02000294","Enfield","E09000010",31.8868772793729,12.708019984033
"Enfield 019","E02000295","Enfield","E09000010",31.3295160086361,12.5026921361758
"Enfield 020","E02000296","Enfield","E09000010",31.5914780481792,12.5182562882941
"Enfield 021","E02000297","Enfield","E09000010",33.4897992350849,12.8176774135572
"Enfield 022","E02000298","Enfield","E09000010",32.015774038474,12.6146857983259
"Enfield 023","E02000299","Enfield","E09000010",32.9455768753705,12.8630642243856
"Enfield 024","E02000300","Enfield","E09000010",34.1571468811657,12.9747580802125
"Enfield 025","E02000301","Enfield","E09000010",32.5211553130104,12.76814020862
"Enfield 026","E02000302","Enfield","E09000010",33.4519834956295,12.825413144561
"Enfield 027","E02000303","Enfield","E09000010",35.0150049847006,13.0203400775504
"Enfield 028","E02000304","Enfield","E09000010",33.5699866672233,12.8456047421158
"Enfield 029","E02000305","Enfield","E09000010",34.1988082759636,12.9428073528384
"Enfield 030","E02000306","Enfield","E09000010",35.4820373749506,13.2969147367932
"Enfield 031","E02000307","Enfield","E09000010",36.3765412756591,13.1839391125477
"Enfield 032","E02000308","Enfield","E09000010",36.8782381278717,13.2604485739767
"Enfield 033","E02000309","Enfield","E09000010",37.7867244541484,13.5202157592867
"Enfield 035","E02000311","Enfield","E09000010",36.8303992412639,13.2496810427004
"Enfield 036","E02000312","Enfield","E09000010",36.8289853260173,13.2517630298213
"Greenwich 001","E02000313","Greenwich","E09000011",32.2159583211597,12.6112859168339
"Greenwich 002","E02000314","Greenwich","E09000011",32.646929271626,12.7163159888645
"Greenwich 003","E02000315","Greenwich","E09000011",31.7450877554465,12.6385127992438
"Greenwich 004","E02000316","Greenwich","E09000011",37.38838393711,13.4308799299753
"Greenwich 005","E02000317","Greenwich","E09000011",35.4409827646773,13.1540598813639
"Greenwich 006","E02000318","Greenwich","E09000011",33.0477704234902,12.859932089213
"Greenwich 007","E02000319","Greenwich","E09000011",34.0893011455816,12.9861914173941
"Greenwich 008","E02000320","Greenwich","E09000011",31.8266603332528,12.6927441229665
"Greenwich 009","E02000321","Greenwich","E09000011",34.542199791475,13.0728507643347
"Greenwich 011","E02000323","Greenwich","E09000011",34.8431678896649,13.1570582060545
"Greenwich 012","E02000324","Greenwich","E09000011",35.5537829778062,13.226678651328
"Greenwich 014","E02000326","Greenwich","E09000011",38.4264321073211,13.7351702198362
"Greenwich 015","E02000327","Greenwich","E09000011",34.8294067325176,13.1446699168804
"Greenwich 016","E02000328","Greenwich","E09000011",37.6404929746431,13.5562412178653
"Greenwich 017","E02000329","Greenwich","E09000011",31.7110794804086,12.7031382067929
"Greenwich 019","E02000331","Greenwich","E09000011",36.3887341796703,13.3199790279055
"Greenwich 020","E02000332","Greenwich","E09000011",33.0082145687909,12.8943643865207
"Greenwich 021","E02000333","Greenwich","E09000011",37.5253263194121,13.4636400128439
"Greenwich 022","E02000334","Greenwich","E09000011",35.0481504383851,13.2092015047234
"Greenwich 023","E02000335","Greenwich","E09000011",33.6368926501069,12.977089062828
"Greenwich 025","E02000337","Greenwich","E09000011",37.4126290701117,13.5812738258215
"Greenwich 027","E02000339","Greenwich","E09000011",35.911192596035,13.2195511590809
"Greenwich 028","E02000340","Greenwich","E09000011",32.6216228457499,12.7219289040542
"Greenwich 029","E02000341","Greenwich","E09000011",34.4947827664196,12.9811108426339
"Greenwich 030","E02000342","Greenwich","E09000011",31.1957802891166,12.5787066402029
"Greenwich 031","E02000343","Greenwich","E09000011",32.6800918743844,12.7586141898704
"Greenwich 032","E02000344","Greenwich","E09000011",32.4172742039665,12.7306950982333
"Hackney 001","E02000345","Hackney","E09000012",38.4877361183365,13.4996800540636
"Hackney 002","E02000346","Hackney","E09000012",40.8568957714324,13.753839875053
"Hackney 003","E02000347","Hackney","E09000012",37.7004658497649,13.5190122081763
"Hackney 004","E02000348","Hackney","E09000012",38.2621503581171,13.5285690093386
"Hackney 006","E02000350","Hackney","E09000012",39.2455862722089,13.7488231224231
"Hackney 007","E02000351","Hackney","E09000012",40.9061732172148,13.8401506723656
"Hackney 008","E02000352","Hackney","E09000012",38.8095139330449,13.7122427808585
"Hackney 009","E02000353","Hackney","E09000012",41.3150926386372,14.1042125981845
"Hackney 010","E02000354","Hackney","E09000012",39.2868606331621,13.7567649394908
"Hackney 011","E02000355","Hackney","E09000012",39.9317376720197,13.6929176398311
"Hackney 012","E02000356","Hackney","E09000012",40.0192111007811,13.9123625342301
"Hackney 013","E02000357","Hackney","E09000012",36.6658595873488,13.3522332813473
"Hackney 014","E02000358","Hackney","E09000012",40.4012965515619,13.9859628131156
"Hackney 015","E02000359","Hackney","E09000012",38.6897153186191,13.6073487501344
"Hackney 016","E02000360","Hackney","E09000012",41.1224564808851,13.9854362582603
"Hackney 017","E02000361","Hackney","E09000012",44.2385577553467,14.1423323684446
"Hackney 018","E02000362","Hackney","E09000012",43.741502387897,14.3313253037586
"Hackney 019","E02000363","Hackney","E09000012",41.2337273107202,13.9099163573292
"Hackney 020","E02000364","Hackney","E09000012",41.5790189989226,14.0243624990898
"Hackney 021","E02000365","Hackney","E09000012",43.5481010065614,14.2471774238171
"Hackney 022","E02000366","Hackney","E09000012",41.7833161804925,14.0236750753805
"Hackney 023","E02000367","Hackney","E09000012",42.198105722762,14.0388696093605
"Hackney 024","E02000368","Hackney","E09000012",41.7859483262217,14.0838574646247
"Hackney 025","E02000369","Hackney","E09000012",43.4902337747772,14.2762158311212
"Hackney 026","E02000370","Hackney","E09000012",44.2841508209656,14.4996505062735
"Hackney 027","E02000371","Hackney","E09000012",47.6455354717287,14.8357893932711
"Hammersmith and Fulham 001","E02000372","Hammersmith and Fulham","E09000013",40.662019780601,13.8177130149166
"Hammersmith and Fulham 002","E02000373","Hammersmith and Fulham","E09000013",41.9214701163105,13.8610588784092
"Hammersmith and Fulham 003","E02000374","Hammersmith and Fulham","E09000013",41.459470545533,13.8581950984209
"Hammersmith and Fulham 004","E02000375","Hammersmith and Fulham","E09000013",42.8854216141392,13.9834349470511
"Hammersmith and Fulham 005","E02000376","Hammersmith and Fulham","E09000013",41.5375864127362,13.9361324115296
"Hammersmith and Fulham 006","E02000377","Hammersmith and Fulham","E09000013",41.1252673802983,13.8373482229479
"Hammersmith and Fulham 007","E02000378","Hammersmith and Fulham","E09000013",42.9142221947239,14.160068227167
"Hammersmith and Fulham 008","E02000379","Hammersmith and Fulham","E09000013",38.9005209425172,13.5748150592979
"Hammersmith and Fulham 009","E02000380","Hammersmith and Fulham","E09000013",40.0652510081134,13.8520487501175
"Hammersmith and Fulham 010","E02000381","Hammersmith and Fulham","E09000013",40.7668834929888,13.9299819964283
"Hammersmith and Fulham 011","E02000382","Hammersmith and Fulham","E09000013",43.0763881465932,14.2038362650056
"Hammersmith and Fulham 012","E02000383","Hammersmith and Fulham","E09000013",43.2930524803192,14.2332851661347
"Hammersmith and Fulham 013","E02000384","Hammersmith and Fulham","E09000013",46.170826173359,14.5308739010435
"Hammersmith and Fulham 014","E02000385","Hammersmith and Fulham","E09000013",42.6242344455113,14.1977025724593
"Hammersmith and Fulham 015","E02000386","Hammersmith and Fulham","E09000013",41.3922135795372,14.1153389301853
"Hammersmith and Fulham 016","E02000387","Hammersmith and Fulham","E09000013",40.0361679294917,13.7972433754778
"Hammersmith and Fulham 017","E02000388","Hammersmith and Fulham","E09000013",40.9886589164848,14.0756229273192
"Hammersmith and Fulham 018","E02000389","Hammersmith and Fulham","E09000013",38.3050976891554,13.5029207616665
"Hammersmith and Fulham 019","E02000390","Hammersmith and Fulham","E09000013",39.4913005454003,13.8641839054968
"Hammersmith and Fulham 020","E02000391","Hammersmith and Fulham","E09000013",41.4024960904508,14.044882653497
"Hammersmith and Fulham 021","E02000392","Hammersmith and Fulham","E09000013",40.2213558936775,13.941529801199
"Hammersmith and Fulham 022","E02000393","Hammersmith and Fulham","E09000013",39.2703428763568,13.7628192288074
"Hammersmith and Fulham 023","E02000394","Hammersmith and Fulham","E09000013",39.2409969858023,13.7831332327036
"Hammersmith and Fulham 024","E02000395","Hammersmith and Fulham","E09000013",38.4149661259392,13.6278970290861
"Hammersmith and Fulham 025","E02000396","Hammersmith and Fulham","E09000013",39.1282072110191,13.8595759695366
"Haringey 001","E02000397","Haringey","E09000014",35.4479473267247,13.0936801700713
"Haringey 002","E02000398","Haringey","E09000014",35.5696559940488,13.2351189144966
"Haringey 004","E02000400","Haringey","E09000014",36.0099535147728,13.1326638135819
"Haringey 005","E02000401","Haringey","E09000014",36.9928202105514,13.2628636209481
"Haringey 006","E02000402","Haringey","E09000014",36.1149364517937,13.1862532001125
"Haringey 007","E02000403","Haringey","E09000014",36.8372606464674,13.2347341282439
"Haringey 008","E02000404","Haringey","E09000014",37.1046074568743,13.3221332411182
"Haringey 009","E02000405","Haringey","E09000014",35.2237283978163,13.0365155339911
"Haringey 010","E02000406","Haringey","E09000014",37.1605181760721,13.3635180363288
"Haringey 011","E02000407","Haringey","E09000014",37.9103074834391,13.3823970585513
"Haringey 012","E02000408","Haringey","E09000014",38.171266635259,13.3624921323341
"Haringey 013","E02000409","Haringey","E09000014",36.6758798603658,13.2974046993035
"Haringey 014","E02000410","Haringey","E09000014",36.8971358055925,13.2104122244487
"Haringey 015","E02000411","Haringey","E09000014",37.2828943239896,13.3261182921627
"Haringey 016","E02000412","Haringey","E09000014",38.570470603471,13.5194893340475
"Haringey 017","E02000413","Haringey","E09000014",35.0019152592151,13.0118506783686
"Haringey 018","E02000414","Haringey","E09000014",36.6027022770473,13.3088319329221
"Haringey 019","E02000415","Haringey","E09000014",37.9791966495351,13.4256355019376
"Haringey 020","E02000416","Haringey","E09000014",37.4557294436253,13.4537933075909
"Haringey 021","E02000417","Haringey","E09000014",36.8311086472634,13.2315735836741
"Haringey 022","E02000418","Haringey","E09000014",37.5259326142924,13.3442235461303
"Haringey 023","E02000419","Haringey","E09000014",39.08506749693,13.5881658623046
"Haringey 024","E02000420","Haringey","E09000014",38.9105617077587,13.5045311912985
"Haringey 025","E02000421","Haringey","E09000014",41.4625000653498,13.7120038294325
"Haringey 026","E02000422","Haringey","E09000014",38.7803958146774,13.4811810870012
"Haringey 027","E02000423","Haringey","E09000014",38.8016880789501,13.4994999853102
"Haringey 028","E02000424","Haringey","E09000014",37.0170087642601,13.3652595414692
"Haringey 029","E02000425","Haringey","E09000014",37.9155099051339,13.3711108511621
"Haringey 030","E02000426","Haringey","E09000014",36.8124687427678,13.2085755839596
"Haringey 031","E02000427","Haringey","E09000014",38.7650522184917,13.5820907619509
"Haringey 032","E02000428","Haringey","E09000014",38.7377178617703,13.4953772284651
"Haringey 033","E02000429","Haringey","E09000014",36.9088267164484,13.2563492971939
"Haringey 034","E02000430","Haringey","E09000014",38.5076399711206,13.4610505968676
"Haringey 035","E02000431","Haringey","E09000014",39.0496944964631,13.4728126737254
"Haringey 036","E02000432","Haringey","E09000014",38.4610184893973,13.5356358094909
"Harrow 001","E02000433","Harrow","E09000015",29.6282436803773,12.1443063625618
"Harrow 002","E02000434","Harrow","E09000015",31.3797470534271,12.5901441347539
"Harrow 003","E02000435","Harrow","E09000015",29.9516855270345,12.3131339434672
"Harrow 004","E02000436","Harrow","E09000015",28.8031800853981,12.0262702207839
"Harrow 005","E02000437","Harrow","E09000015",30.7246189155579,12.4647852265494
"Harrow 006","E02000438","Harrow","E09000015",30.5270941199326,12.3023125370461
"Harrow 007","E02000439","Harrow","E09000015",32.4756323579812,12.7497116104577
"Harrow 008","E02000440","Harrow","E09000015",31.3327612050036,12.5646739099888
"Harrow 009","E02000441","Harrow","E09000015",29.7427937458471,12.0341306896144
"Harrow 010","E02000442","Harrow","E09000015",32.3105790282114,12.7223907626923
"Harrow 011","E02000443","Harrow","E09000015",31.1318492258296,12.6643006813292
"Harrow 012","E02000444","Harrow","E09000015",32.1092311839661,12.6953907026846
"Harrow 013","E02000445","Harrow","E09000015",32.2424490387705,12.765939014364
"Harrow 015","E02000447","Harrow","E09000015",30.0650741828115,12.4013463925598
"Harrow 016","E02000448","Harrow","E09000015",29.5573471299701,12.2216046760061
"Harrow 017","E02000449","Harrow","E09000015",33.1325275252628,12.8285748368995
"Harrow 019","E02000451","Harrow","E09000015",30.0848940142125,12.360226136259
"Harrow 020","E02000452","Harrow","E09000015",32.0373942318727,12.751910773206
"Harrow 021","E02000453","Harrow","E09000015",31.5369653808771,12.640770909219
"Harrow 022","E02000454","Harrow","E09000015",29.5606822051378,12.2965304192439
"Harrow 023","E02000455","Harrow","E09000015",34.0337407260831,12.9046270134169
"Harrow 024","E02000456","Harrow","E09000015",31.6412898960032,12.6049909648977
"Harrow 025","E02000457","Harrow","E09000015",30.8791747868081,12.5085536096751
"Harrow 027","E02000459","Harrow","E09000015",32.1587274461483,12.652625292961
"Harrow 028","E02000460","Harrow","E09000015",31.5583247583915,12.5835519846981
"Harrow 029","E02000461","Harrow","E09000015",32.5916540657741,12.634350428088
"Harrow 030","E02000462","Harrow","E09000015",32.6045266771374,12.6849557504848
"Harrow 031","E02000463","Harrow","E09000015",31.8520926242771,12.5704596575084
"Havering 001","E02000464","Havering","E09000016",25.8400791278746,11.5752263143776
"Havering 002","E02000465","Havering","E09000016",26.7673242881399,11.7524653785144
"Havering 003","E02000466","Havering","E09000016",25.2652325002787,11.6036277986487
"Havering 004","E02000467","Havering","E09000016",26.910172227061,11.9764849454314
"Havering 005","E02000468","Havering","E09000016",25.9771982423023,11.7279172939095
"Havering 006","E02000469","Havering","E09000016",27.3897189828408,11.9287705196806
"Havering 007","E02000470","Havering","E09000016",26.1137550199034,11.6480567161903
"Havering 008","E02000471","Havering","E09000016",27.9409187652605,12.0386639163455
"Havering 009","E02000472","Havering","E09000016",28.68818679923,12.1836511040331
"Havering 010","E02000473","Havering","E09000016",27.6699567760546,11.968984295594
"Havering 011","E02000474","Havering","E09000016",29.2447106563809,12.2309709655778
"Havering 012","E02000475","Havering","E09000016",28.1966823633602,12.0616588806946
"Havering 013","E02000476","Havering","E09000016",31.6859096593155,12.5617974266497
"Havering 014","E02000477","Havering","E09000016",27.7943518887443,12.0734113801842
"Havering 015","E02000478","Havering","E09000016",25.797039068196,11.7658375717801
"Havering 016","E02000479","Havering","E09000016",30.7474328307348,12.4590209836715
"Havering 017","E02000480","Havering","E09000016",29.9467507208314,12.3658154888325
"Havering 018","E02000481","Havering","E09000016",24.7047763434518,11.330152194735
"Havering 019","E02000482","Havering","E09000016",25.0901934784441,11.5837028039738
"Havering 020","E02000483","Havering","E09000016",27.1050123953433,11.9643871240865
"Havering 021","E02000484","Havering","E09000016",28.2467738633736,12.1414282669581
"Havering 022","E02000485","Havering","E09000016",25.9622309544876,11.8013421820248
"Havering 023","E02000486","Havering","E09000016",27.2790877487486,12.0252736208004
"Havering 024","E02000487","Havering","E09000016",25.0269462144972,11.5148692972729
"Havering 025","E02000488","Havering","E09000016",26.9577824790161,11.9568961070968
"Havering 026","E02000489","Havering","E09000016",28.0298307650124,12.1177391427669
"Havering 027","E02000490","Havering","E09000016",28.1882933568405,12.0818647894164
"Havering 028","E02000491","Havering","E09000016",30.5552550907242,12.3566176946394
"Havering 029","E02000492","Havering","E09000016",27.5282868376875,11.863539209129
"Havering 030","E02000493","Havering","E09000016",29.3622971680766,12.1605168113188
"Hillingdon 001","E02000494","Hillingdon","E09000017",26.8257710830398,11.7094751350799
"Hillingdon 002","E02000495","Hillingdon","E09000017",28.4675159945496,12.020026276012
"Hillingdon 003","E02000496","Hillingdon","E09000017",25.4619314191019,11.4825932184772
"Hillingdon 004","E02000497","Hillingdon","E09000017",28.7063967560413,12.0899119510803
"Hillingdon 005","E02000498","Hillingdon","E09000017",27.9546552179972,11.8702024853134
"Hillingdon 006","E02000499","Hillingdon","E09000017",29.7507731270944,12.3286185354334
"Hillingdon 007","E02000500","Hillingdon","E09000017",29.4152660251076,12.1842521841716
"Hillingdon 008","E02000501","Hillingdon","E09000017",30.0413186861121,12.3644120523098
"Hillingdon 009","E02000502","Hillingdon","E09000017",30.3837543980901,12.2515635609821
"Hillingdon 010","E02000503","Hillingdon","E09000017",30.8991322332189,12.4076299230603
"Hillingdon 011","E02000504","Hillingdon","E09000017",29.8744211294935,12.0960647606586
"Hillingdon 013","E02000506","Hillingdon","E09000017",30.2711914960322,12.1040036583366
"Hillingdon 014","E02000507","Hillingdon","E09000017",31.8171389659683,12.425686405606
"Hillingdon 015","E02000508","Hillingdon","E09000017",31.496439967807,12.3868888589933
"Hillingdon 016","E02000509","Hillingdon","E09000017",30.5413685506743,12.1132435740645
"Hillingdon 017","E02000510","Hillingdon","E09000017",32.0568131613239,12.6154920418759
"Hillingdon 018","E02000511","Hillingdon","E09000017",30.9096250800608,12.3455984289576
"Hillingdon 019","E02000512","Hillingdon","E09000017",31.6201926848627,12.5012029674959
"Hillingdon 020","E02000513","Hillingdon","E09000017",32.410949994019,12.533317813842
"Hillingdon 021","E02000514","Hillingdon","E09000017",32.5037273229584,12.598850072846
"Hillingdon 022","E02000515","Hillingdon","E09000017",30.4463241835286,12.1508025347662
"Hillingdon 023","E02000516","Hillingdon","E09000017",33.6884480665547,12.6666701195406
"Hillingdon 024","E02000517","Hillingdon","E09000017",32.4714582389806,12.5751528826939
"Hillingdon 025","E02000518","Hillingdon","E09000017",32.3004850663076,12.6212179854722
"Hillingdon 026","E02000519","Hillingdon","E09000017",34.5831153290778,12.8055286912283
"Hillingdon 027","E02000520","Hillingdon","E09000017",34.3573115321408,12.8983748561806
"Hillingdon 028","E02000521","Hillingdon","E09000017",35.2925360546943,12.9466809286921
"Hillingdon 029","E02000522","Hillingdon","E09000017",33.8795549050431,12.6576011392968
"Hillingdon 030","E02000523","Hillingdon","E09000017",37.3018061362997,13.0840918263769
"Hillingdon 031","E02000524","Hillingdon","E09000017",39.0875327681913,12.6126236961115
"Hillingdon 032","E02000525","Hillingdon","E09000017",38.2942690489427,12.7337033181633
"Hounslow 001","E02000526","Hounslow","E09000018",41.8561432507573,13.9121107614097
"Hounslow 003","E02000528","Hounslow","E09000018",38.986979113932,13.4748341346294
"Hounslow 004","E02000529","Hounslow","E09000018",36.5398163930607,12.8868981192791
"Hounslow 005","E02000530","Hounslow","E09000018",37.481541242765,12.9081071251524
"Hounslow 006","E02000531","Hounslow","E09000018",37.4431296543144,13.238237482315
"Hounslow 007","E02000532","Hounslow","E09000018",37.8106483280858,13.3285553191376
"Hounslow 008","E02000533","Hounslow","E09000018",38.3515156649602,13.3849839512471
"Hounslow 009","E02000534","Hounslow","E09000018",35.6241139010392,12.8949750173091
"Hounslow 010","E02000535","Hounslow","E09000018",36.0014005546491,12.7923350230507
"Hounslow 011","E02000536","Hounslow","E09000018",35.7907711533278,12.9756801673156
"Hounslow 012","E02000537","Hounslow","E09000018",34.9002733775894,12.8602479115122
"Hounslow 013","E02000538","Hounslow","E09000018",36.1790561867833,12.7254992948798
"Hounslow 014","E02000539","Hounslow","E09000018",35.2581130745005,12.9813112982196
"Hounslow 015","E02000540","Hounslow","E09000018",35.4578547859434,12.9060676497759
"Hounslow 016","E02000541","Hounslow","E09000018",34.8610053250544,12.6930892755135
"Hounslow 017","E02000542","Hounslow","E09000018",35.4749991837306,12.8648173956583
"Hounslow 018","E02000543","Hounslow","E09000018",35.2830391785309,12.884681617817
"Hounslow 019","E02000544","Hounslow","E09000018",33.9230818824119,12.6875441949788
"Hounslow 020","E02000545","Hounslow","E09000018",34.6367759147094,12.8497947418868
"Hounslow 021","E02000546","Hounslow","E09000018",32.4430439108614,12.4697118825065
"Hounslow 022","E02000547","Hounslow","E09000018",35.017197527774,12.5485254355756
"Hounslow 023","E02000548","Hounslow","E09000018",32.6871852757873,12.2908355788215
"Hounslow 024","E02000549","Hounslow","E09000018",32.7585705236221,12.507400341332
"Hounslow 025","E02000550","Hounslow","E09000018",31.7751719078376,12.3740387088802
"Hounslow 026","E02000551","Hounslow","E09000018",32.6776584603652,12.5761198705997
"Hounslow 027","E02000552","Hounslow","E09000018",30.5130417789767,12.2202359439193
"Hounslow 028","E02000553","Hounslow","E09000018",31.7343088281827,12.3577628881804
"Islington 001","E02000554","Islington","E09000019",39.1263902667777,13.5501382011179
"Islington 002","E02000555","Islington","E09000019",39.7935216766991,13.5996933692426
"Islington 003","E02000556","Islington","E09000019",39.5671504768165,13.7127810983166
"Islington 004","E02000557","Islington","E09000019",41.8020078593361,13.8677437581429
"Islington 005","E02000558","Islington","E09000019",41.6820329815796,14.05025560828
"Islington 006","E02000559","Islington","E09000019",40.6787276412501,13.9372571059823
"Islington 007","E02000560","Islington","E09000019",43.2718011169434,14.1851605117798
"Islington 008","E02000561","Islington","E09000019",39.1550220306673,13.730509106977
"Islington 009","E02000562","Islington","E09000019",40.4724690693643,13.9281807087875
"Islington 010","E02000563","Islington","E09000019",41.2526587458413,14.0023348454142
"Islington 011","E02000564","Islington","E09000019",42.2678362691585,14.131447293809
"Islington 012","E02000565","Islington","E09000019",41.7459113291438,14.0882576954402
"Islington 013","E02000566","Islington","E09000019",41.8246375528391,14.1088617681709
"Islington 014","E02000567","Islington","E09000019",42.9654416296409,14.1849072963951
"Islington 015","E02000568","Islington","E09000019",42.5105523136395,14.2248168682462
"Islington 016","E02000569","Islington","E09000019",44.2442371899679,14.3763718376421
"Islington 017","E02000570","Islington","E09000019",42.4222103924675,14.3054177078971
"Islington 018","E02000571","Islington","E09000019",43.8164606717975,14.3987875912558
"Islington 019","E02000572","Islington","E09000019",44.7063075539988,14.6675302116473
"Islington 020","E02000573","Islington","E09000019",45.8809965328208,14.7494064958027
"Islington 021","E02000574","Islington","E09000019",47.4577898427657,15.1097276483398
"Islington 022","E02000575","Islington","E09000019",49.4526516500972,15.4652462631848
"Islington 023","E02000576","Islington","E09000019",48.0165160042899,15.1025272679342
"Kensington and Chelsea 001","E02000577","Kensington and Chelsea","E09000020",42.0091626325952,14.2779784490247
"Kensington and Chelsea 002","E02000578","Kensington and Chelsea","E09000020",40.9025870365883,13.9823650006506
"Kensington and Chelsea 003","E02000579","Kensington and Chelsea","E09000020",43.7671987124139,14.0430448236266
"Kensington and Chelsea 004","E02000580","Kensington and Chelsea","E09000020",43.230019637861,14.1322251504063
"Kensington and Chelsea 005","E02000581","Kensington and Chelsea","E09000020",41.9321982928811,13.9166989700726
"Kensington and Chelsea 006","E02000582","Kensington and Chelsea","E09000020",43.9549307018641,14.4207170054746
"Kensington and Chelsea 007","E02000583","Kensington and Chelsea","E09000020",42.9487165343985,14.0885608822458
"Kensington and Chelsea 008","E02000584","Kensington and Chelsea","E09000020",44.4148711557726,14.5250004996469
"Kensington and Chelsea 009","E02000585","Kensington and Chelsea","E09000020",43.2501777089032,14.1920973788733
"Kensington and Chelsea 010","E02000586","Kensington and Chelsea","E09000020",44.6634878516654,14.5294958136548
"Kensington and Chelsea 011","E02000587","Kensington and Chelsea","E09000020",43.6195647194411,14.3941821533542
"Kensington and Chelsea 012","E02000588","Kensington and Chelsea","E09000020",48.0690255718171,15.0416005432543
"Kensington and Chelsea 013","E02000589","Kensington and Chelsea","E09000020",44.9718548515,14.7485943179341
"Kensington and Chelsea 014","E02000590","Kensington and Chelsea","E09000020",47.1567341046711,14.8825202955175
"Kensington and Chelsea 015","E02000591","Kensington and Chelsea","E09000020",47.4013186869552,14.8783951336072
"Kensington and Chelsea 016","E02000592","Kensington and Chelsea","E09000020",45.6982765817373,14.7882593304424
"Kensington and Chelsea 017","E02000593","Kensington and Chelsea","E09000020",43.8561356027313,14.5679987769853
"Kensington and Chelsea 018","E02000594","Kensington and Chelsea","E09000020",45.2165911101506,14.5676505237725
"Kensington and Chelsea 019","E02000595","Kensington and Chelsea","E09000020",45.1376868367346,14.6061243371927
"Kensington and Chelsea 020","E02000596","Kensington and Chelsea","E09000020",42.8985556357964,14.4115731982614
"Kensington and Chelsea 021","E02000597","Kensington and Chelsea","E09000020",45.6885161715788,14.5848693828213
"Kingston upon Thames 001","E02000598","Kingston upon Thames","E09000021",33.0870410577747,12.722205176179
"Kingston upon Thames 002","E02000599","Kingston upon Thames","E09000021",33.4198128369134,12.7431517255674
"Kingston upon Thames 003","E02000600","Kingston upon Thames","E09000021",34.1717878166789,12.8697568348964
"Kingston upon Thames 004","E02000601","Kingston upon Thames","E09000021",33.3757399430766,12.8361161552274
"Kingston upon Thames 005","E02000602","Kingston upon Thames","E09000021",36.0057948904897,13.0847042360602
"Kingston upon Thames 006","E02000603","Kingston upon Thames","E09000021",33.4967372693877,12.780036304308
"Kingston upon Thames 007","E02000604","Kingston upon Thames","E09000021",32.8857840522792,12.8293299648767
"Kingston upon Thames 008","E02000605","Kingston upon Thames","E09000021",32.3011106641823,12.7042745152388
"Kingston upon Thames 009","E02000606","Kingston upon Thames","E09000021",35.4233779983439,12.9917647794135
"Kingston upon Thames 010","E02000607","Kingston upon Thames","E09000021",32.5532537437913,12.6088152118548
"Kingston upon Thames 011","E02000608","Kingston upon Thames","E09000021",32.2903671152506,12.6459935499955
"Kingston upon Thames 012","E02000609","Kingston upon Thames","E09000021",34.0555965794013,12.8913939620212
"Kingston upon Thames 013","E02000610","Kingston upon Thames","E09000021",32.4489655181589,12.6804521483335
"Kingston upon Thames 014","E02000611","Kingston upon Thames","E09000021",32.4770503419456,12.6679157630702
"Kingston upon Thames 015","E02000612","Kingston upon Thames","E09000021",32.3464030481496,12.7666448647775
"Kingston upon Thames 016","E02000613","Kingston upon Thames","E09000021",32.3005693816372,12.6282498831727
"Kingston upon Thames 017","E02000614","Kingston upon Thames","E09000021",32.4412491952052,12.6773019343311
"Kingston upon Thames 018","E02000615","Kingston upon Thames","E09000021",31.82912724981,12.5221497677951
"Kingston upon Thames 019","E02000616","Kingston upon Thames","E09000021",29.3523369209783,12.2094632277128
"Kingston upon Thames 020","E02000617","Kingston upon Thames","E09000021",27.959557548682,11.9090054237172
"Lambeth 002","E02000619","Lambeth","E09000022",45.8711716143713,14.6439975441075
"Lambeth 003","E02000620","Lambeth","E09000022",46.6050961826388,14.6955269982143
"Lambeth 004","E02000621","Lambeth","E09000022",46.6658955969205,14.7709715859007
"Lambeth 005","E02000622","Lambeth","E09000022",44.5708085989278,14.5243388070545
"Lambeth 006","E02000623","Lambeth","E09000022",42.3964951883151,14.249078345111
"Lambeth 007","E02000624","Lambeth","E09000022",42.2970235819272,14.3332369553345
"Lambeth 008","E02000625","Lambeth","E09000022",41.5921722461758,14.1571939865576
"Lambeth 009","E02000626","Lambeth","E09000022",40.6935909556324,14.1378480694048
"Lambeth 010","E02000627","Lambeth","E09000022",40.7106558321815,14.0184729530282
"Lambeth 011","E02000628","Lambeth","E09000022",42.3163737644485,14.2570204443337
"Lambeth 012","E02000629","Lambeth","E09000022",40.6360894236902,14.0758560907961
"Lambeth 013","E02000630","Lambeth","E09000022",41.7577044116842,14.1585341412672
"Lambeth 014","E02000631","Lambeth","E09000022",39.9656238290899,13.7912479164992
"Lambeth 015","E02000632","Lambeth","E09000022",40.1093448771451,13.9386315864379
"Lambeth 016","E02000633","Lambeth","E09000022",41.3446202900363,14.0028609379623
"Lambeth 017","E02000634","Lambeth","E09000022",41.4126860931629,14.0537583329295
"Lambeth 018","E02000635","Lambeth","E09000022",39.0060661348204,13.6651993369063
"Lambeth 019","E02000636","Lambeth","E09000022",39.2005457824068,13.8015674185316
"Lambeth 020","E02000637","Lambeth","E09000022",38.8836798593654,13.6412100911383
"Lambeth 021","E02000638","Lambeth","E09000022",39.2618095438364,13.6936757793281
"Lambeth 022","E02000639","Lambeth","E09000022",40.0008900055164,13.776431966833
"Lambeth 023","E02000640","Lambeth","E09000022",37.8317733690215,13.5642428914512
"Lambeth 024","E02000641","Lambeth","E09000022",37.928218262514,13.5249364231619
"Lambeth 025","E02000642","Lambeth","E09000022",37.9941859009628,13.4532255408756
"Lambeth 026","E02000643","Lambeth","E09000022",37.7494175583634,13.538152179805
"Lambeth 027","E02000644","Lambeth","E09000022",36.7967834133572,13.4323865479363
"Lambeth 028","E02000645","Lambeth","E09000022",36.9155321812479,13.3592873317603
"Lambeth 029","E02000646","Lambeth","E09000022",37.5570879654826,13.4658393392889
"Lambeth 030","E02000647","Lambeth","E09000022",35.9548382065441,13.3287149228756
"Lambeth 031","E02000648","Lambeth","E09000022",35.6107297529254,13.2097487527904
"Lambeth 032","E02000649","Lambeth","E09000022",37.3256977372689,13.4259774683982
"Lambeth 033","E02000650","Lambeth","E09000022",35.0409703045648,13.1136023077437
"Lambeth 034","E02000651","Lambeth","E09000022",35.4005972532979,13.2075887454857
"Lambeth 035","E02000652","Lambeth","E09000022",34.5410262986029,13.1435842425221
"Lewisham 001","E02000653","Lewisham","E09000023",38.9159579429041,13.6889455276228
"Lewisham 002","E02000654","Lewisham","E09000023",38.9771100003495,13.6706194983588
"Lewisham 003","E02000655","Lewisham","E09000023",39.3658058088173,13.6660183121292
"Lewisham 005","E02000657","Lewisham","E09000023",40.8160799772843,13.7370777156315
"Lewisham 006","E02000658","Lewisham","E09000023",40.3376819261279,13.6884766582644
"Lewisham 007","E02000659","Lewisham","E09000023",37.5624370030846,13.4045040559936
"Lewisham 008","E02000660","Lewisham","E09000023",38.0785879812175,13.4630719876922
"Lewisham 009","E02000661","Lewisham","E09000023",37.3771607278476,13.4056430206656
"Lewisham 010","E02000662","Lewisham","E09000023",37.0795462181379,13.33841654995
"Lewisham 011","E02000663","Lewisham","E09000023",36.7237493000408,13.3262732211906
"Lewisham 012","E02000664","Lewisham","E09000023",38.9386590973254,13.5683275476338
"Lewisham 013","E02000665","Lewisham","E09000023",35.504855720286,13.2167929380368
"Lewisham 014","E02000666","Lewisham","E09000023",36.6839499045897,13.3822372045621
"Lewisham 015","E02000667","Lewisham","E09000023",36.5932553205761,13.3356995493891
"Lewisham 016","E02000668","Lewisham","E09000023",35.1411342500702,13.1273846021787
"Lewisham 017","E02000669","Lewisham","E09000023",35.6056077832865,13.224999614228
"Lewisham 018","E02000670","Lewisham","E09000023",36.7150240483811,13.3213880527908
"Lewisham 019","E02000671","Lewisham","E09000023",35.921651685979,13.2229916058338
"Lewisham 020","E02000672","Lewisham","E09000023",37.4350613066294,13.4102719574133
"Lewisham 021","E02000673","Lewisham","E09000023",35.9949226292828,13.2239319996827
"Lewisham 022","E02000674","Lewisham","E09000023",34.4557079527845,13.0399964190964
"Lewisham 023","E02000675","Lewisham","E09000023",33.9845268328209,12.9441919276267
"Lewisham 024","E02000676","Lewisham","E09000023",35.5805479658149,13.2166828535553
"Lewisham 025","E02000677","Lewisham","E09000023",34.5594439484757,13.0546906262954
"Lewisham 026","E02000678","Lewisham","E09000023",33.6875641815043,12.9396054542106
"Lewisham 027","E02000679","Lewisham","E09000023",34.5451691333439,13.1320075899413
"Lewisham 028","E02000680","Lewisham","E09000023",35.6496723768358,13.2261589419618
"Lewisham 029","E02000681","Lewisham","E09000023",34.2454060907017,13.0500578020902
"Lewisham 030","E02000682","Lewisham","E09000023",33.8289445230549,12.96638724787
"Lewisham 031","E02000683","Lewisham","E09000023",32.0196807432495,12.6661696021989
"Lewisham 033","E02000685","Lewisham","E09000023",35.0123812996006,13.1035241245729
"Lewisham 034","E02000686","Lewisham","E09000023",33.083452862725,12.8704218552739
"Lewisham 035","E02000687","Lewisham","E09000023",34.2276009359429,13.0449584262694
"Merton 001","E02000689","Merton","E09000024",35.130400487054,13.2635556593351
"Merton 002","E02000690","Merton","E09000024",32.972373156829,12.7537689995462
"Merton 003","E02000691","Merton","E09000024",35.8332244701154,13.3498670009435
"Merton 004","E02000692","Merton","E09000024",34.9017077168982,13.1367125519503
"Merton 005","E02000693","Merton","E09000024",35.7034711775771,13.2660320435154
"Merton 006","E02000694","Merton","E09000024",35.642875233212,13.3214569503205
"Merton 007","E02000695","Merton","E09000024",34.5788904392572,13.1515518645298
"Merton 008","E02000696","Merton","E09000024",34.5504552975216,13.0878174302385
"Merton 009","E02000697","Merton","E09000024",36.1973889091399,13.3382252787387
"Merton 010","E02000698","Merton","E09000024",33.3698883074004,12.8577373818913
"Merton 011","E02000699","Merton","E09000024",34.408678894043,13.1172661022518
"Merton 012","E02000700","Merton","E09000024",34.5849416334188,13.11867568077
"Merton 013","E02000701","Merton","E09000024",35.7255688871285,13.1856732083046
"Merton 014","E02000702","Merton","E09000024",34.2355327458038,13.0173572108636
"Merton 015","E02000703","Merton","E09000024",34.3081809636709,13.1119004020175
"Merton 016","E02000704","Merton","E09000024",34.2611966336855,13.0215339395099
"Merton 017","E02000705","Merton","E09000024",33.8916973785745,13.0561860465079
"Merton 018","E02000706","Merton","E09000024",34.2200040318914,13.0412290810793
"Merton 019","E02000707","Merton","E09000024",33.4526783053868,12.9952702571538
"Merton 020","E02000708","Merton","E09000024",33.2317404354374,12.9066262401537
"Merton 021","E02000709","Merton","E09000024",32.27345780876,12.8018221457519
"Merton 022","E02000710","Merton","E09000024",33.7494562650407,13.0044164722905
"Merton 023","E02000711","Merton","E09000024",34.7839338952217,13.1168437070317
"Merton 024","E02000712","Merton","E09000024",32.6741169034791,12.8592350957906
"Merton 025","E02000713","Merton","E09000024",31.8215895819159,12.8071918809348
"Newham 001","E02000714","Newham","E09000025",36.3344697267617,13.3273396668355
"Newham 002","E02000715","Newham","E09000025",36.9014379827507,13.3794167546978
"Newham 003","E02000716","Newham","E09000025",34.8685475478143,13.0897505188281
"Newham 004","E02000717","Newham","E09000025",36.9231170550454,13.4513754695773
"Newham 005","E02000718","Newham","E09000025",37.0095435623574,13.3720232340238
"Newham 006","E02000719","Newham","E09000025",36.7471337172926,13.4353622536448
"Newham 007","E02000720","Newham","E09000025",36.2697828422529,13.3334104211573
"Newham 008","E02000721","Newham","E09000025",37.8638608582166,13.533689853772
"Newham 009","E02000722","Newham","E09000025",38.4829104626379,13.6189720611707
"Newham 010","E02000723","Newham","E09000025",35.7362129758228,13.3238945443259
"Newham 011","E02000724","Newham","E09000025",35.1382569946489,13.3056393458548
"Newham 012","E02000725","Newham","E09000025",41.2885069339833,13.91954525964
"Newham 013","E02000726","Newham","E09000025",38.5563801637028,13.7356348256607
"Newham 014","E02000727","Newham","E09000025",37.0270268957253,13.4899037694789
"Newham 015","E02000728","Newham","E09000025",36.3410496296327,13.3097020471023
"Newham 016","E02000729","Newham","E09000025",36.7456972228276,13.4273778620968
"Newham 017","E02000730","Newham","E09000025",36.7114324988983,13.4280364519115
"Newham 018","E02000731","Newham","E09000025",37.7841299702429,13.4883218347246
"Newham 019","E02000732","Newham","E09000025",35.6738681758534,13.3438750110973
"Newham 020","E02000733","Newham","E09000025",38.7962733127796,13.6020342951325
"Newham 021","E02000734","Newham","E09000025",38.2674795773322,13.5567793122448
"Newham 022","E02000735","Newham","E09000025",36.3478111043518,13.3703323119726
"Newham 023","E02000736","Newham","E09000025",39.1148867278683,13.5576510110072
"Newham 024","E02000737","Newham","E09000025",36.035687577668,13.2833280608552
"Newham 025","E02000738","Newham","E09000025",36.0296291387839,13.3524230902251
"Newham 026","E02000739","Newham","E09000025",38.5903690912208,13.5957595573826
"Newham 027","E02000740","Newham","E09000025",37.3268001226731,13.4580687806364
"Newham 028","E02000741","Newham","E09000025",37.3200456850063,13.4347310638228
"Newham 029","E02000742","Newham","E09000025",38.4203211822199,13.5178470048875
"Newham 030","E02000743","Newham","E09000025",40.3858973987548,13.8406526822053
"Newham 031","E02000744","Newham","E09000025",41.9039440577746,14.0296590374651
"Newham 032","E02000745","Newham","E09000025",40.8013293582076,13.7453488442853
"Newham 033","E02000746","Newham","E09000025",35.8664579351607,13.1756040669357
"Newham 034","E02000747","Newham","E09000025",40.0026256837871,13.8506214134546
"Newham 035","E02000748","Newham","E09000025",37.0793481419544,13.19561888513
"Newham 036","E02000749","Newham","E09000025",37.9721049411149,13.490634303982
"Newham 037","E02000750","Newham","E09000025",36.8032807494066,13.2694654644027
"Redbridge 001","E02000751","Redbridge","E09000026",31.5201224224842,12.5056108471013
"Redbridge 002","E02000752","Redbridge","E09000026",27.1289267195019,11.8633025049356
"Redbridge 003","E02000753","Redbridge","E09000026",28.3185898869537,12.0826195944691
"Redbridge 004","E02000754","Redbridge","E09000026",31.6029989910188,12.5396131572587
"Redbridge 005","E02000755","Redbridge","E09000026",33.8363276078966,12.7017089928521
"Redbridge 006","E02000756","Redbridge","E09000026",30.0622901387629,12.3101718527703
"Redbridge 007","E02000757","Redbridge","E09000026",36.8749969025352,13.1829775162131
"Redbridge 008","E02000758","Redbridge","E09000026",31.7883076749055,12.5504245658543
"Redbridge 009","E02000759","Redbridge","E09000026",38.3335978923491,13.281887738216
"Redbridge 010","E02000760","Redbridge","E09000026",31.4557992272073,12.5441117279363
"Redbridge 012","E02000762","Redbridge","E09000026",33.9490726259549,12.9002658284074
"Redbridge 013","E02000763","Redbridge","E09000026",29.1477932322337,12.1745472683533
"Redbridge 014","E02000764","Redbridge","E09000026",36.0033238201475,13.0836453947571
"Redbridge 015","E02000765","Redbridge","E09000026",34.0245895667616,12.9502512060624
"Redbridge 017","E02000767","Redbridge","E09000026",33.2945186907091,12.8430481313464
"Redbridge 018","E02000768","Redbridge","E09000026",38.142479735361,13.3126345574016
"Redbridge 019","E02000769","Redbridge","E09000026",31.2997428155487,12.6267394450249
"Redbridge 020","E02000770","Redbridge","E09000026",33.1297578089165,12.8685291154982
"Redbridge 022","E02000772","Redbridge","E09000026",31.5736166663343,12.6623115651044
"Redbridge 023","E02000773","Redbridge","E09000026",34.3247620108132,13.0167955946246
"Redbridge 024","E02000774","Redbridge","E09000026",31.9095129907798,12.7234160606829
"Redbridge 026","E02000776","Redbridge","E09000026",33.5013872275789,12.8884929572127
"Redbridge 027","E02000777","Redbridge","E09000026",34.5170432252449,12.9328110354607
"Redbridge 029","E02000779","Redbridge","E09000026",36.6156360023367,13.2042725771177
"Redbridge 030","E02000780","Redbridge","E09000026",35.0275184794595,13.0971850427612
"Redbridge 031","E02000781","Redbridge","E09000026",32.4821799111829,12.8286674785228
"Redbridge 032","E02000782","Redbridge","E09000026",39.1856746485176,13.534682374164
"Redbridge 033","E02000783","Redbridge","E09000026",34.2848203748592,13.0012904373375
"Richmond upon Thames 001","E02000784","Richmond upon Thames","E09000027",37.4543980404694,13.3266882828158
"Richmond upon Thames 002","E02000785","Richmond upon Thames","E09000027",34.7368672207683,12.8922439641696
"Richmond upon Thames 003","E02000786","Richmond upon Thames","E09000027",37.0876080282373,13.2557962934955
"Richmond upon Thames 004","E02000787","Richmond upon Thames","E09000027",36.195171848617,13.1019792672241
"Richmond upon Thames 005","E02000788","Richmond upon Thames","E09000027",35.7365977227183,13.0705873409936
"Richmond upon Thames 006","E02000789","Richmond upon Thames","E09000027",33.8619450754306,12.7627167342453
"Richmond upon Thames 007","E02000790","Richmond upon Thames","E09000027",35.8103172705816,13.1159577434549
"Richmond upon Thames 008","E02000791","Richmond upon Thames","E09000027",36.2141068216074,13.0455244954704
"Richmond upon Thames 009","E02000792","Richmond upon Thames","E09000027",34.064385943122,12.877337533299
"Richmond upon Thames 010","E02000793","Richmond upon Thames","E09000027",33.166966555321,12.6816639226369
"Richmond upon Thames 011","E02000794","Richmond upon Thames","E09000027",35.0282782045173,12.957631878627
"Richmond upon Thames 012","E02000795","Richmond upon Thames","E09000027",32.4654551560363,12.600054803858
"Richmond upon Thames 013","E02000796","Richmond upon Thames","E09000027",33.0582926079898,12.654918916861
"Richmond upon Thames 014","E02000797","Richmond upon Thames","E09000027",34.3004900107085,12.9068204903515
"Richmond upon Thames 015","E02000798","Richmond upon Thames","E09000027",32.7640058418639,12.6441635787196
"Richmond upon Thames 016","E02000799","Richmond upon Thames","E09000027",32.6225984980083,12.6791822375114
"Richmond upon Thames 017","E02000800","Richmond upon Thames","E09000027",31.7167107663394,12.5829979214991
"Richmond upon Thames 018","E02000801","Richmond upon Thames","E09000027",32.549300111062,12.6825303305581
"Richmond upon Thames 019","E02000802","Richmond upon Thames","E09000027",31.8032918123691,12.5554772246159
"Richmond upon Thames 020","E02000803","Richmond upon Thames","E09000027",31.0821223718915,12.3781395640111
"Richmond upon Thames 021","E02000804","Richmond upon Thames","E09000027",30.4771252621325,12.3388988890588
"Richmond upon Thames 022","E02000805","Richmond upon Thames","E09000027",31.4657864948883,12.5262922082181
"Richmond upon Thames 023","E02000806","Richmond upon Thames","E09000027",30.2305166426867,12.3130807132498
"Southwark 001","E02000807","Southwark","E09000028",40.740751509233,13.9499148444696
"Southwark 002","E02000808","Southwark","E09000028",49.4477851981635,15.1651383220624
"Southwark 003","E02000809","Southwark","E09000028",47.1432574401085,14.7739093962122
"Southwark 004","E02000810","Southwark","E09000028",43.4649293572851,14.2434204055535
"Southwark 006","E02000812","Southwark","E09000028",46.2020651915566,14.6290923945254
"Southwark 007","E02000813","Southwark","E09000028",42.7736344730555,14.1800226327766
"Southwark 008","E02000814","Southwark","E09000028",39.4672355714035,13.7441112810553
"Southwark 009","E02000815","Southwark","E09000028",48.8867948642144,14.8988639052098
"Southwark 010","E02000816","Southwark","E09000028",41.8781656606828,14.0099151432986
"Southwark 011","E02000817","Southwark","E09000028",41.2982405140149,13.9321912035544
"Southwark 012","E02000818","Southwark","E09000028",45.3323110048888,14.5411013742614
"Southwark 013","E02000819","Southwark","E09000028",43.4525171687094,14.269009946616
"Southwark 014","E02000820","Southwark","E09000028",44.771426114477,14.4879158233453
"Southwark 015","E02000821","Southwark","E09000028",42.2435338625004,14.0767158615846
"Southwark 016","E02000822","Southwark","E09000028",42.2266562655187,14.1380995989252
"Southwark 017","E02000823","Southwark","E09000028",43.1045049330767,14.2268729490392
"Southwark 018","E02000824","Southwark","E09000028",40.7206517259851,13.7736454393514
"Southwark 019","E02000825","Southwark","E09000028",40.4743149111394,13.7533880729476
"Southwark 020","E02000826","Southwark","E09000028",40.8899958149394,13.8536575738758
"Southwark 021","E02000827","Southwark","E09000028",43.5203163789495,14.2219311514227
"Southwark 022","E02000828","Southwark","E09000028",41.9925139082137,13.8247021808097
"Southwark 023","E02000829","Southwark","E09000028",39.9384826394686,13.6589492421768
"Southwark 024","E02000830","Southwark","E09000028",40.3079811443805,13.7667305126652
"Southwark 025","E02000831","Southwark","E09000028",39.166707030761,13.6207004613022
"Southwark 026","E02000832","Southwark","E09000028",38.0948492106323,13.4836693647807
"Southwark 027","E02000833","Southwark","E09000028",38.1464069566838,13.5503311574691
"Southwark 028","E02000834","Southwark","E09000028",37.9155358092253,13.5003375559405
"Southwark 029","E02000835","Southwark","E09000028",35.7665890905272,13.1967537795773
"Southwark 030","E02000836","Southwark","E09000028",37.8105967997999,13.5031352387001
"Southwark 031","E02000837","Southwark","E09000028",37.2411476090224,13.3807280027444
"Southwark 032","E02000838","Southwark","E09000028",36.6420918532021,13.2959586657556
"Southwark 033","E02000839","Southwark","E09000028",35.3335667859127,13.1333850551505
"Sutton 001","E02000840","Sutton","E09000029",32.3371031158259,12.8809822194024
"Sutton 002","E02000841","Sutton","E09000029",32.9581249605586,12.9281626847312
"Sutton 003","E02000842","Sutton","E09000029",32.6103692006273,12.9821923447696
"Sutton 004","E02000843","Sutton","E09000029",31.7103212194253,12.7231596367754
"Sutton 005","E02000844","Sutton","E09000029",32.1449191337057,12.8475070806069
"Sutton 006","E02000845","Sutton","E09000029",30.8021710807528,12.6668234247607
"Sutton 007","E02000846","Sutton","E09000029",32.2384831786086,12.8250219441639
"Sutton 008","E02000847","Sutton","E09000029",31.2199441590658,12.7707753443265
"Sutton 009","E02000848","Sutton","E09000029",32.0522841506534,12.8794509341319
"Sutton 010","E02000849","Sutton","E09000029",31.9097878129792,12.7039787355089
"Sutton 011","E02000850","Sutton","E09000029",31.5795575053114,12.7014030544567
"Sutton 012","E02000851","Sutton","E09000029",31.8571206045201,12.7003578771631
"Sutton 013","E02000852","Sutton","E09000029",31.3153944494181,12.6855737767164
"Sutton 014","E02000853","Sutton","E09000029",31.8669919880954,12.7428046901505
"Sutton 015","E02000854","Sutton","E09000029",31.7278682979073,12.6967719511723
"Sutton 016","E02000855","Sutton","E09000029",30.8341643551746,12.5529858339674
"Sutton 017","E02000856","Sutton","E09000029",31.0372131482089,12.5736291005393
"Sutton 018","E02000857","Sutton","E09000029",30.9347069214801,12.5672355439262
"Sutton 019","E02000858","Sutton","E09000029",30.7338469184772,12.4764981659344
"Sutton 020","E02000859","Sutton","E09000029",30.3921698490498,12.4571272646721
"Sutton 021","E02000860","Sutton","E09000029",30.1869787471086,12.4518891554274
"Sutton 022","E02000861","Sutton","E09000029",29.3667704301229,12.2932145508023
"Sutton 024","E02000863","Sutton","E09000029",28.4297045137227,12.0992720313537
"Tower Hamlets 001","E02000864","Tower Hamlets","E09000030",40.6181603256537,14.0087731200822
"Tower Hamlets 002","E02000865","Tower Hamlets","E09000030",42.8540782130969,14.1492416991589
"Tower Hamlets 003","E02000866","Tower Hamlets","E09000030",40.9355473478075,13.9524644156577
"Tower Hamlets 004","E02000867","Tower Hamlets","E09000030",43.2417384123814,14.2574756212062
"Tower Hamlets 005","E02000868","Tower Hamlets","E09000030",43.4827607814098,14.242652609311
"Tower Hamlets 006","E02000869","Tower Hamlets","E09000030",44.8071024238165,14.4217003577918
"Tower Hamlets 007","E02000870","Tower Hamlets","E09000030",42.2199904452462,14.1506229862495
"Tower Hamlets 008","E02000871","Tower Hamlets","E09000030",43.5789345785323,14.2794210380183
"Tower Hamlets 009","E02000872","Tower Hamlets","E09000030",44.2856230967575,14.4533133200473
"Tower Hamlets 010","E02000873","Tower Hamlets","E09000030",41.4638199726551,14.1000431731474
"Tower Hamlets 011","E02000874","Tower Hamlets","E09000030",43.0472431581148,14.2436368791797
"Tower Hamlets 012","E02000875","Tower Hamlets","E09000030",40.4775507032728,13.9106086827011
"Tower Hamlets 013","E02000876","Tower Hamlets","E09000030",43.7856618834358,14.3174665128661
"Tower Hamlets 014","E02000877","Tower Hamlets","E09000030",41.6908988630961,14.1080170387313
"Tower Hamlets 015","E02000878","Tower Hamlets","E09000030",47.0778967936083,15.1125029207553
"Tower Hamlets 016","E02000879","Tower Hamlets","E09000030",41.8947817946086,14.1422826876009
"Tower Hamlets 017","E02000880","Tower Hamlets","E09000030",43.767641729322,14.3418298425346
"Tower Hamlets 018","E02000881","Tower Hamlets","E09000030",42.6101353579648,14.2355609843863
"Tower Hamlets 019","E02000882","Tower Hamlets","E09000030",41.2565463388414,14.1482324527268
"Tower Hamlets 020","E02000883","Tower Hamlets","E09000030",43.2064009628361,14.2546824712113
"Tower Hamlets 021","E02000884","Tower Hamlets","E09000030",48.1300554548792,14.9675150744447
"Tower Hamlets 022","E02000885","Tower Hamlets","E09000030",44.0716056276166,14.3689997173382
"Tower Hamlets 023","E02000886","Tower Hamlets","E09000030",45.3811243707519,14.5666271641159
"Tower Hamlets 024","E02000887","Tower Hamlets","E09000030",43.0402971921119,14.1772652155153
"Tower Hamlets 025","E02000888","Tower Hamlets","E09000030",48.9603261371394,14.9831923725382
"Tower Hamlets 026","E02000889","Tower Hamlets","E09000030",46.9095350416256,14.7140080697758
"Tower Hamlets 027","E02000890","Tower Hamlets","E09000030",46.8570934599381,14.7756566207195
"Tower Hamlets 028","E02000891","Tower Hamlets","E09000030",43.7315124604612,14.2191140463644
"Tower Hamlets 030","E02000893","Tower Hamlets","E09000030",37.8594076067327,13.4549322483302
"Tower Hamlets 031","E02000894","Tower Hamlets","E09000030",38.4085408730875,13.5450670982069
"Waltham Forest 001","E02000895","Waltham Forest","E09000031",30.9602771027628,12.4647155309887
"Waltham Forest 002","E02000896","Waltham Forest","E09000031",29.6578781627862,12.2614733238166
"Waltham Forest 003","E02000897","Waltham Forest","E09000031",31.4267116152567,12.5186215889213
"Waltham Forest 004","E02000898","Waltham Forest","E09000031",31.9836175996623,12.6430021539031
"Waltham Forest 005","E02000899","Waltham Forest","E09000031",33.2988961552584,12.8460626720344
"Waltham Forest 006","E02000900","Waltham Forest","E09000031",36.6692262955362,13.2964860148864
"Waltham Forest 007","E02000901","Waltham Forest","E09000031",33.3589355575894,12.7772818851382
"Waltham Forest 008","E02000902","Waltham Forest","E09000031",36.5786957452594,13.2341994890315
"Waltham Forest 009","E02000903","Waltham Forest","E09000031",35.1278903629133,13.1379857534339
"Waltham Forest 010","E02000904","Waltham Forest","E09000031",36.5860626421587,13.2052317050153
"Waltham Forest 011","E02000905","Waltham Forest","E09000031",35.3569337800089,13.2057540765051
"Waltham Forest 012","E02000906","Waltham Forest","E09000031",35.3025061618464,13.2456903112197
"Waltham Forest 013","E02000907","Waltham Forest","E09000031",35.2061509183475,13.1302860110998
"Waltham Forest 014","E02000908","Waltham Forest","E09000031",34.9464663825171,13.0771341663526
"Waltham Forest 015","E02000909","Waltham Forest","E09000031",35.5357616145436,13.0879195373404
"Waltham Forest 016","E02000910","Waltham Forest","E09000031",37.0068797236741,13.3278952718985
"Waltham Forest 017","E02000911","Waltham Forest","E09000031",36.2206413872266,13.222457034033
"Waltham Forest 018","E02000912","Waltham Forest","E09000031",34.6396740110939,13.0110596147035
"Waltham Forest 019","E02000913","Waltham Forest","E09000031",36.1682045847324,13.2141773239055
"Waltham Forest 020","E02000914","Waltham Forest","E09000031",37.6945188818457,13.4334881708502
"Waltham Forest 021","E02000915","Waltham Forest","E09000031",37.3905841737539,13.316793101758
"Waltham Forest 022","E02000916","Waltham Forest","E09000031",36.3401837729826,13.2234356556134
"Waltham Forest 023","E02000917","Waltham Forest","E09000031",36.9263843922789,13.4239197018851
"Waltham Forest 024","E02000918","Waltham Forest","E09000031",39.8659878114603,13.6541982876063
"Waltham Forest 025","E02000919","Waltham Forest","E09000031",40.1398668622257,13.7530826805153
"Waltham Forest 026","E02000920","Waltham Forest","E09000031",38.9782026392987,13.6488776933235
"Waltham Forest 027","E02000921","Waltham Forest","E09000031",38.9640898513254,13.6298678498495
"Waltham Forest 028","E02000922","Waltham Forest","E09000031",36.8673536045717,13.3722380488226
"Wandsworth 001","E02000923","Wandsworth","E09000032",41.5966767566436,14.1034360316925
"Wandsworth 002","E02000924","Wandsworth","E09000032",42.2160552610106,14.2611709125156
"Wandsworth 003","E02000925","Wandsworth","E09000032",42.2085573577881,14.1808686247739
"Wandsworth 004","E02000926","Wandsworth","E09000032",41.2683324978164,14.0209443013837
"Wandsworth 005","E02000927","Wandsworth","E09000032",40.5473877421895,14.0346262949657
"Wandsworth 006","E02000928","Wandsworth","E09000032",36.9568981316749,13.3283615806255
"Wandsworth 007","E02000929","Wandsworth","E09000032",42.0348935098819,14.108179592944
"Wandsworth 008","E02000930","Wandsworth","E09000032",41.0132762538558,13.974295855391
"Wandsworth 009","E02000931","Wandsworth","E09000032",40.1096783318827,13.9022762563921
"Wandsworth 010","E02000932","Wandsworth","E09000032",40.6035720813066,13.8777567504131
"Wandsworth 011","E02000933","Wandsworth","E09000032",36.9100484584104,13.280285940477
"Wandsworth 012","E02000934","Wandsworth","E09000032",42.6141407720661,14.0922472868248
"Wandsworth 013","E02000935","Wandsworth","E09000032",34.7909749632326,12.928020849887
"Wandsworth 014","E02000936","Wandsworth","E09000032",37.5730511049163,13.4117892029245
"Wandsworth 015","E02000937","Wandsworth","E09000032",38.1824585874089,13.5609536911813
"Wandsworth 016","E02000938","Wandsworth","E09000032",35.8355259769499,13.1192650230935
"Wandsworth 017","E02000939","Wandsworth","E09000032",38.0699642126841,13.6510611849912
"Wandsworth 018","E02000940","Wandsworth","E09000032",39.0534693970077,13.7800750984543
"Wandsworth 019","E02000941","Wandsworth","E09000032",38.6995946285771,13.65875411609
"Wandsworth 020","E02000942","Wandsworth","E09000032",36.8314571373091,13.394926310432
"Wandsworth 021","E02000943","Wandsworth","E09000032",38.5420548379862,13.7540257703057
"Wandsworth 022","E02000944","Wandsworth","E09000032",36.1007384729189,13.2127666755424
"Wandsworth 023","E02000945","Wandsworth","E09000032",35.2167666638734,13.0009657216046
"Wandsworth 024","E02000946","Wandsworth","E09000032",37.106149266695,13.4642102418309
"Wandsworth 025","E02000947","Wandsworth","E09000032",36.4686782639223,13.4175151144932
"Wandsworth 026","E02000948","Wandsworth","E09000032",36.7299475989488,13.3908691342614
"Wandsworth 027","E02000949","Wandsworth","E09000032",36.5807364540968,13.4115376946152
"Wandsworth 028","E02000950","Wandsworth","E09000032",34.5988734732378,13.0202991791021
"Wandsworth 029","E02000951","Wandsworth","E09000032",38.0744540437739,13.5709764547707
"Wandsworth 030","E02000952","Wandsworth","E09000032",36.8059885214262,13.4395450705039
"Wandsworth 031","E02000953","Wandsworth","E09000032",36.4460504260962,13.3932837361875
"Wandsworth 032","E02000954","Wandsworth","E09000032",36.200030945717,13.3751871509755
"Wandsworth 033","E02000955","Wandsworth","E09000032",35.6890106584559,13.3268440545076
"Wandsworth 034","E02000956","Wandsworth","E09000032",36.1036028702979,13.3421691367748
"Wandsworth 035","E02000957","Wandsworth","E09000032",37.2173746187111,13.4460369050503
"Wandsworth 036","E02000958","Wandsworth","E09000032",35.2331718513403,13.2283359300421
"Wandsworth 037","E02000959","Wandsworth","E09000032",35.7785689806846,13.2670970482255
"Westminster 001","E02000960","Westminster","E09000033",42.6360292629489,14.2540116714219
"Westminster 002","E02000961","Westminster","E09000033",42.061780041597,14.2718985873883
"Westminster 003","E02000962","Westminster","E09000033",46.3374936365916,14.7242920943826
"Westminster 004","E02000963","Westminster","E09000033",41.2833705151667,13.9374811360093
"Westminster 005","E02000964","Westminster","E09000033",42.9800671812658,14.2366631293845
"Westminster 006","E02000965","Westminster","E09000033",41.6412471564193,14.2344519786145
"Westminster 007","E02000966","Westminster","E09000033",44.495622971639,14.6015080471734
"Westminster 008","E02000967","Westminster","E09000033",45.9017929967496,14.7279866674789
"Westminster 009","E02000968","Westminster","E09000033",49.2782671806395,15.1926043500477
"Westminster 010","E02000969","Westminster","E09000033",46.9215615321374,14.9474277234378
"Westminster 011","E02000970","Westminster","E09000033",52.4916780925932,15.9690262888814
"Westminster 012","E02000971","Westminster","E09000033",53.0856507285095,15.8608232380989
"Westminster 013","E02000972","Westminster","E09000033",51.7380739551279,16.7817259513917
"Westminster 014","E02000973","Westminster","E09000033",45.6269983946177,14.9960634682011
"Westminster 015","E02000974","Westminster","E09000033",51.424295588143,15.4945208111684
"Westminster 016","E02000975","Westminster","E09000033",50.0215884693772,15.2903383173239
"Westminster 017","E02000976","Westminster","E09000033",45.1067641098327,14.6882506328288
"Westminster 018","E02000977","Westminster","E09000033",53.6002765600232,16.7108563289348
"Westminster 019","E02000978","Westminster","E09000033",46.6724107977217,14.7936943046539
"Westminster 020","E02000979","Westminster","E09000033",51.5616968073265,15.6597238947214
"Westminster 021","E02000980","Westminster","E09000033",48.03407119272,15.0545264256909
"Westminster 022","E02000981","Westminster","E09000033",46.4064838644692,14.9099682837331
"Westminster 023","E02000982","Westminster","E09000033",48.35146936845,14.9973811934942
"Westminster 024","E02000983","Westminster","E09000033",47.7922487639558,15.0214496960275
"Bromley 040","E02006782","Bromley","E09000006",30.9818171730077,12.5988201231805
"Lewisham 037","E02006783","Lewisham","E09000023",33.0334089368455,12.8631907475248
"Lewisham 038","E02006784","Lewisham","E09000023",32.5684748464161,12.7960479625066
"Bexley 029","E02006785","Bexley","E09000004",31.6834621842749,12.7852507601022
"Greenwich 033","E02006786","Greenwich","E09000011",32.2052320179511,12.7607859760696
"Bromley 041","E02006787","Bromley","E09000006",32.9438265582348,12.9222597700484
"Croydon 045","E02006788","Croydon","E09000008",31.9836381355257,12.7677173966391
"Bromley 042","E02006789","Bromley","E09000006",23.9640184733758,11.430066070742
"Ealing 040","E02006791","Ealing","E09000009",37.8939570769642,13.4394613670345
"Hounslow 029","E02006792","Hounslow","E09000018",40.1727155116382,13.6213355580746
"Enfield 037","E02006793","Enfield","E09000010",36.8488900307574,13.2511745684028
"Haringey 037","E02006794","Haringey","E09000014",36.8955431481829,13.2586314275135
"Harrow 032","E02006795","Harrow","E09000015",30.7873921097068,12.4944586083974
"Hillingdon 033","E02006796","Hillingdon","E09000017",31.8983786966629,12.413550167482
"Lewisham 039","E02006798","Lewisham","E09000023",40.1606502291757,13.7695728322411
"Barking and Dagenham 023","E02006799","Barking and Dagenham","E09000002",31.7843843811937,12.7695828375232
"Redbridge 034","E02006800","Redbridge","E09000026",32.228183320735,12.7814240308748
"Lambeth 036","E02006801","Lambeth","E09000022",50.8645373400441,15.4788736923035
"Southwark 034","E02006802","Southwark","E09000028",49.3821206076258,15.0556547539535
"Sutton 025","E02006836","Sutton","E09000029",28.6568291581576,12.1968965634156
"Tower Hamlets 032","E02006853","Tower Hamlets","E09000030",38.2842949236544,13.5768007066684
"Tower Hamlets 033","E02006854","Tower Hamlets","E09000030",42.5536885902312,14.1132308429864
"Harrow 033","E02006882","Harrow","E09000015",32.0782439893485,12.7141454941472
"Hackney 028","E02006918","Hackney","E09000012",37.5485432845568,13.4027056806956
"Hackney 029","E02006921","Hackney","E09000012",37.5484830457423,13.4501686565486
"Redbridge 035","E02006924","Redbridge","E09000026",36.3557866753684,13.12916186278
"Redbridge 036","E02006925","Redbridge","E09000026",35.1496594487467,12.9484750316989
"Greenwich 034","E02006927","Greenwich","E09000011",36.4780229017308,13.4672984445352
"Greenwich 035","E02006928","Greenwich","E09000011",39.4034927955918,13.7143068449125
"Greenwich 036","E02006929","Greenwich","E09000011",40.3544596246383,14.1177141095816
"Greenwich 037","E02006930","Greenwich","E09000011",41.2252474335907,14.2265542999062
"Greenwich 038","E02006931","Greenwich","E09000011",38.4289300369174,13.5362431653635
